受付番号,学校コード(AlexSystem),都道府県番号,都道府県,校種番号,校種,分野番号,分野,国公私番号,国公私,学校名,学校名ふりがな,学部名,学科名,コース,専攻,指定校有無,出願条件,出願条件(資格),人数枠,評定,欠席,選考方法,備考,受付期間,あ,あｓ,試験日,試験日2,学力,小論文,面接,汎用,要録用所在地
25001,,,埼玉,2,短大,,,3,私立,埼玉女子短期大学,サイタマジョシタンキ,,商学科,詳細は進路支援部まで,,,以下の者は指定校奨学生として受験を認める。 ・評定平均3.0以上の者 ・生徒会の活動を行った者 ・1年次から同一のクラブ活動に2年以上継続して活動している ・3年間の欠席が5日以内。,短大が認める所定の資格を取得した者は、指定校奨学生として受験を認める。 （資格については進路支援部まで）,4,3,10,書類・面接,女子のみ。,,,,,,,,,,
25002,,,埼玉,2,短大,,,3,私立,埼玉女子短期大学,サイタマジョシタンキ,,国際コミュニケーション学科,詳細は進路支援部まで,,,以下の者は指定校奨学生として受験を認める。 ・評定平均3.0以上の者 ・生徒会の活動を行った者 ・1年次から同一のクラブ活動に2年以上継続して活動している ・3年間の欠席が5日以内。,短大が認める所定の資格を取得した者は、指定校奨学生として受験を認める。 （資格については進路支援部まで）,4,3,10,書類・面接,女子のみ。,,,,,,,,,,
25003,,,埼玉,2,短大,,,3,私立,埼玉女子短期大学,サイタマジョシタンキ,,商学科・ 国際コミュニケーション学科,詳細は進路支援部まで,,,,以下のいずれかに該当する女子。 ・評定平均3.4以上 ・日本英語検定協会 実用英語検定準2級以上(CBT、S-CBTを含む) ・TOEIC450点以上 ・日本漢字能力検定協会 日本漢字能力検定2級以上 ・日商簿記検定2級以上 ・日商リテールマーケティング(販売士)検定2級以上 ・全商簿記実務検定1級(部門別合格可) ・全商ビジネス文書実務検定1級(両部門) ・全商情報処理検定1級(部門別合格可) ・全商英語検定1級 ・ITパスポート試験 ・世界遺産アカデミー主催 世界遺産検定2級以上,2,3.4,10,書類・面接・課外活動評価,特待生、入学金免除,,,,,,,,,,
25004,,,愛知,3,専門,,,3,私立,愛知美容専門学校,アイチビヨウ,,美容科,,,有,オープンキャンパスに参加, ,3,3.5,10,書類,入学検定料２万円、入学金10万円免除,,,,,,,,,,
25005,,,愛知,3,専門,,,3,私立,名古屋スクールオブミュージック＆ダンス専門学校,ナゴヤスクールオブミュージックアンドダンス,,全科,,,有,体験入学・オープンキャンパスのいずれかに参加,,3,2.7,10,面接・書類,選考料3万円免除。 8回選考あり。全科で３名,,,,,,,,,,
25006,,,愛知,3,専門,,,3,私立,専門学校セントラルトリミングアカデミー,セントラルドウブツ,,動物美容・管理学科,トリマーコース,,有,,,1,2.7,10,書類・面接,受験料２万円免除、入学金４万円免除、2026年4月からセントラル動物専門学校に名前が変わる。,,,,,,,,,,
25007,,,愛知,3,専門,,,3,私立,専門学校セントラルトリミングアカデミー,セントラルドウブツ,,動物看護学科,動物看護師コース,,有,,,制限なし,2.7,10,書類・面接・適性検査,受験料２万円免除、入学金４万円免除、2026年4月からセントラル動物専門学校に名前が変わる。,,,,,,,,,,
25008,,,愛知,3,専門,,,3,私立,名古屋福祉専門学校,ナゴヤフクシ,,介護福祉学科,,,有,介護福祉士に関心が高い者。,,制限なし,3.2,10,書類・面接,入学検定料２万円、入学金10万円免除、１年次の学費半額。 評定3.8以上で特待生として受験可。,,,,,,,,,,
25009,,,愛知,3,専門,,,3,私立,名古屋経営会計専門学校,ナゴヤケイエイカイケイ,,経営実務科,,,有,,,1,2.7,10,書類・面接,,,,,,,,,,,
25010,,,愛知,3,専門,,,3,私立,名古屋経営会計専門学校,ナゴヤケイエイカイケイ,,ビジネス科,,,有,,,1,2.7,10,書類・面接,,,,,,,,,,,
25011,,,愛知,3,専門,,,3,私立,トライデントコンピュータ専門学校,トライデントコンピュータ,,全学科,,,有,,,若干名,3,10,書類,全科で若干名。選考料免除。サイバーセキュリティ科は対象外。,,,,,,,,,,
25012,,,愛知,3,専門,,,3,私立,トライデント外国語・エアライン・ホテル専門学校,トライデントガイコクゴ・エアライン・ホテル,,全学科,,,有,,,若干名,3,10,書類,各学科で若干名,,,,,,,,,,
25013,,,愛知,3,専門,,,3,私立,トライデントデザイン専門学校,トライデントデザイン,,,,,有,,,若干名,3,10,書類,各学科で若干名,,,,,,,,,,
25014,,,愛知,3,専門,,,3,私立,ELICビジネス＆公務員専門学校,エリックビジネス＆コウムイン,,全学科,全コース,,有,,,2,2.7,10,書類・面接・学科（国語）,"全科で合計2名。学費50,000円免除",,,,,,,,,,
25015,,,愛知,3,専門,,,3,私立,ミス・パリビューティー専門学校 名古屋校,ミス・パリ・ビューティー,,トータルビューティ学科,,,有,上位3教科の平均が3.2以上でも可。 生徒会や部活動に積極的に取り組んだ人。,,2,3,3,書類・面接,"選考料20,000円免除。学費から50,000円免除",,,,,,,,,,
25016,,,愛知,3,専門,,,3,私立,中日美容専門学校,チュウニチビヨウ,,全学科,,,有,,,4,3,10,書類,選考料無料,,,,,,,,,,
25017,,,愛知,3,専門,,,3,私立,日産・自動車大学校,ニッサン・ジドウシャ,,1級自動車工学科,,,有,全体の評定平均かつ数学の評定平均3.0。 1.当校卒業までに普通自動車運転免許(MT車)を取得する。,,制限なし,3,10,書類・面接,,,,,,,,,,,
25018,,,愛知,3,専門,,,3,私立,日産・自動車大学校,ニッサン・ジドウシャ,,1級自動車工学科以外の学科,,,有,,,制限なし,2.7,10,書類・面接,,,,,,,,,,,
25019,,,愛知,3,専門,,,3,私立,東海医療技術専門学校,トウカイイリョウギジュツ,,医療専門課程診療放射線科,,,有,,,若干名,3.2,10,書類・面接・学科（数学）,,,,,,,,,,,
25020,,,大阪,1,四大,,,3,私立,大阪商業大学,オオサカショウギョウ,総合経営学部,経営学科,,,,,,1,3.4,10,書類・面接・口頭試問,"入学前教育あり。 希望者にはチャレンジ制度として英語および国語のテストを受け、成績の上位者には新入生奨学金として奨学金260,000円を給付。また、大学の指定の検定を取得している者も新入生奨学金として奨学金260,000円を給付。(検定については進路まで問い合わせてください。)",,,,,,,,,,
25021,,,群馬,1,四大,,,3,私立,上武大学,ジョウブ,ビジネス情報学部,国際ビジネス学科,,,,特別プログラムとして評定3.5以上あれば、5万円分の図書カードを進呈。,,若干名,3,10,小論文・面接・書類,出願者が決まったら、要項を請求。,,,,,,,,,,
25022,,,群馬,1,四大,,,3,私立,上武大学,ジョウブ,ビジネス情報学部,スポーツ健康マネジメント学科 ,スポーツマネジメントコース スポーツトレーナーコース,,,特別プログラムとして評定3.5以上あれば、5万円分の図書カードを進呈。,,若干名,3,10,小論文・面接・書類,出願者が決まったら、要項を請求。,,,,,,,,,,
25023,,,群馬,1,四大,,,3,私立,上武大学,ジョウブ,ビジネス情報学部,スポーツ健康マネジメント学科 ,柔道整復師コース,,,特別プログラムとして評定3.8以上あれば、5万円分の図書カードを進呈。,,1,3.4,10,小論文・面接・書類,出願者が決まったら、要項を請求。,,,,,,,,,,
25024,,,群馬,1,四大,,,3,私立,上武大学,ジョウブ,看護学部,看護学科,,,,評定平均3.0以上で、ボランティアなど社会的活動で評価を得た者、部活動や生徒会活動で実績を上げた者、積極的に資格取得を行った者。 特別プログラムとして評定4.0以上あれば、5万円分の図書カードを進呈。,,若干名,3.5,10,小論文・面接・書類,出願者が決まったら、要項を請求。,,,,,,,,,,
25025,,,愛知,3,専門,,,3,私立,中部リハビリテーション専門学校,チュウブリハビリテーション,,理学療法学科一部・二部,,,有,健康状態が良好な者,,1,3.4,10,書類・面接,"入学検定料\20,000免除",,,,,,,,,,
25026,,,岐阜,1,四大,,,3,私立,岐阜女子大学,ギフジョシ,文化創造学部,文化創造学科,,デジタルアーカイブ専攻,,,,1,3,10,小論文・面接・書類,試験は小論文か面接のどちらかで行われる。,,,,,,,,,,
25027,,,岐阜,1,四大,,,3,私立,岐阜女子大学,ギフジョシ,文化創造学部,文化創造学科,,文化創造学専攻,,  ,,1,3,10,小論文・面接・書類,試験は小論文か面接のどちらかで行われる。,,,,,,,,,,
25028,,,岐阜,1,四大,,,3,私立,岐阜女子大学,ギフジョシ,文化創造学部,文化創造学科,,初等教育学専攻,,,,1,3,10,小論文・面接・書類,試験は小論文か面接のどちらかで行われる。,,,,,,,,,,
25029,,,東京,2,短大,,,3,私立,東京立正短期大学,トウキョウリッショウ,,現代コミュニケーション学科,,幼児教育専攻、現代コミュニケーション専攻,,,,5,3,10,書類,幼児教育専攻、現代コミュニケーション専攻 合わせて5名,,,,,,,,,,
25030,,,兵庫,3,専門,,,3,私立,関西総合リハビリテーション専門学校,カンサイソウゴウリハビリテーション,,理学療法学科,,,,,,若干名,2.7,10,小論文・面接・書類,,,,,,,,,,,
25031,,,兵庫,3,専門,,,3,私立,関西総合リハビリテーション専門学校,カンサイソウゴウリハビリテーション,,作業療法学科,,,,,,若干名,2.7,10,小論文・面接・書類,,,,,,,,,,,
25032,,,兵庫,3,専門,,,3,私立,関西総合リハビリテーション専門学校,カンサイソウゴウリハビリテーション,,言語聴覚学科,,,,,,若干名,2.7,10,小論文・面接・書類,,,,,,,,,,,
25033,,,岐阜,3,専門,,,3,私立,中日本航空専門学校,ナカニホンコウクウ,,全学科,,,,,,制限なし,3,10,書類,３年１学期末までの欠席日数が20日以上あれば、面接をすることがあります。,,,,,,,,,,
25034,,,愛知,3,専門,,,3,私立,名古屋未来工科専門学校,ナゴヤミライコウカ,,全科,,,有,,,1,3,10,書類,"入学選考料20,000円免除。1年次の学費のうち、年間100,000円減額",,,,,,,,,,
25035,,,愛知,3,専門,,,3,私立,あいち福祉医療専門学校,アイチフクシイリョウ,,介護福祉学科,,,有,,,2,3,9,書類・面接,入学金2万円免除、入学時の授業料から3万円減免、 インターネット出願,,,,,,,,,,
25036,,,愛知,3,専門,,,3,私立,あいち福祉医療専門学校,アイチフクシイリョウ,,理学療法科,,,有,,,1,3.2,9,書類・面接,入学金2万円免除、入学時の授業料から3万円減免 インターネット出願,,,,,,,,,,
25037,,,東京,1,四大,,,3,私立,東京経営大学,トウキョウケイエイ,経営学部,経営マネジメント科,,,,,,2,3.5,10,書類・作文,作文は事前に書いて出願書類と一緒に郵送。 オンライン通信制、出願もWebで。,,,,,,,,,,
25038,,,岐阜,1,四大,,,3,私立,岐阜女子大学,ギフジョシ,家政学部,生活科学科,,建築デザイン専攻,,,,1,3,10,小論文・面接・書類,試験は小論文か面接のどちらかで行われる。,,,,,,,,,,
25039,,,岐阜,1,四大,,,3,私立,岐阜女子大学,ギフジョシ,家政学部,生活科学科,,生活科学専攻,,,,1,3,10,小論文・面接・書類,試験は小論文か面接のどちらかで行われる。,,,,,,,,,,
25040,,,岐阜,1,四大,,,3,私立,岐阜女子大学,ギフジョシ,家政学部,健康栄養学科,,,,,,1,3,10,小論文・面接・書類,試験は小論文か面接のどちらかで行われる。,,,,,,,,,,
25041,,,愛知,1,四大,,,3,私立,名古屋学院大学,ナゴヤガクイン,経済学部,経済学科,,,有,,,1,3.6,10,小論文・グループ面接,各学科1名。名古屋学院全体で3名。要項は8月１日以降ＦＡＸで請求。,,,,,,,,,,
25042,,,愛知,1,四大,,,3,私立,名古屋学院大学,ナゴヤガクイン,現代社会学部,現代社会学科,,,有,,,1,3.6,10,小論文・グループ面接,各学科1名。名古屋学院全体で3名。要項は8月1日以降ＦＡＸで請求。,,,,,,,,,,
25043,,,愛知,1,四大,,,3,私立,名古屋学院大学,ナゴヤガクイン,商学部,商学科,,,有,,,1,3.6,10,小論文・グループ面接,各学科1名。名古屋学院全体で3名。要項は8月1日以降ＦＡＸで請求。,,,,,,,,,,
25044,,,愛知,1,四大,,,3,私立,名古屋学院大学,ナゴヤガクイン,経営学部,データ経営学科,,,有,,,1,3.6,10,小論文・グループ面接,各学科1名。名古屋学院全体で3名。要項は8月1日以降ＦＡＸで請求。,,,,,,,,,,
25045,,,愛知,1,四大,,,3,私立,名古屋学院大学,ナゴヤガクイン,法学部,法学科,,,有,,,1,3.6,10,小論文・グループ面接,各学科1名。名古屋学院全体で3名。要項は8月1日以降ＦＡＸで請求。,,,,,,,,,,
25046,,,愛知,1,四大,,,3,私立,名古屋学院大学,ナゴヤガクイン,外国語学部,英米語学科,,,有,,,1,3.6,10,小論文・グループ面接,各学科1名。名古屋学院全体で3名。要項は8月1日以降ＦＡＸで請求。,,,,,,,,,,
25047,,,愛知,1,四大,,,3,私立,名古屋学院大学,ナゴヤガクイン,国際文化学部,国際文化学科,,グローバル文化専攻,有,,,1,3.5,10,小論文・グループ面接,各学科1名。名古屋学院全体で3名。要項は8月1日以降ＦＡＸで請求。,,,,,,,,,,
25048,,,愛知,1,四大,,,3,私立,名古屋学院大学,ナゴヤガクイン,国際文化学部,国際文化学科,,国際協力・共生専攻,有,,,1,3.5,10,小論文・グループ面接,各学科1名。名古屋学院全体で3名。要項は8月1日以降ＦＡＸで請求。,,,,,,,,,,
25049,,,愛知,1,四大,,,3,私立,名古屋学院大学,ナゴヤガクイン,国際文化学部,国際文化学科,,国際日本学専攻,有,,,1,3.5,10,小論文・グループ面接,各学科1名。名古屋学院全体で3名。要項は8月1日以降ＦＡＸで請求。,,,,,,,,,,
25050,,,愛知,1,四大,,,3,私立,名古屋学院大学,ナゴヤガクイン,スポーツ健康学部,スポーツ健康学科,,,有,,,1,3.5,10,小論文・グループ面接,各学科1名。名古屋学院全体で3名。要項は8月1日以降ＦＡＸで請求。,,,,,,,,,,
25051,,,愛知,1,四大,,,3,私立,桜花学園大学,オウカガクエン,教育保育学部,教育保育学科,,,有,,,2,3.3,10,書類・面接,詳しい要項は9月初旬に届く予定,,,,,,,,,,
25052,,,愛知,1,四大,,,3,私立,桜花学園大学,オウカガクエン,教育保育学部,国際教養こども学科,,,有,,,1,3.3,10,書類・面接,詳しい要項は9月初旬に届く予定,,,,,,,,,,
25053,,,愛知,1,四大,,,3,私立,桜花学園大学,オウカガクエン,国際学部,国際学科,,,有,,,1,3.3,10,書類・面接,詳しい要項は9月初旬に届く予定,,,,,,,,,,
25054,,,愛知,2,短大,,,3,私立,名古屋短期大学,ナゴヤタンキ,,保育科,,,有,,,2,3,10,書類・面接,詳しい要項は9月初旬に届く予定,,,,,,,,,,
25055,,,愛知,2,短大,,,3,私立,名古屋短期大学,ナゴヤタンキ,,現代教養学科,,,有,評定平均を満たさない者でも、高校時代を通じて部活動に継続的に取り組んだ者、県大会以上の大会に出場した者も可。,評定平均を満たさない者も英検準2級以上または漢検準2級以上または日商・全商・全経などの情報処理3級以上で可,2,3,10,書類・面接,詳しい要項は9月初旬に届く予定,,,,,,,,,,
25056,,,愛知,3,専門,,,3,私立,名古屋医療情報専門学校,ナゴヤイリョウジョウホウ,,医療事務学科,,医療事務専攻、医療秘書専攻、調剤薬局事務専攻,有,女子のみ,,制限なし,3,10,書類,"奨学金100,000円支給。入学選考料15,000円免除。 「資格・検定特典」との併用可。",,,,,,,,,,
25057,,,愛知,3,専門,,,3,私立,名古屋医療情報専門学校,ナゴヤイリョウジョウホウ,,医薬ビジネス学科,,医薬品登録販売者専攻,有,,,制限なし,3,10,書類,"奨学金100,000円支給。入学選考料15,000円免除。 「資格・検定特典」との併用可。",,,,,,,,,,
25058,,,愛知,3,専門,,,3,私立,名古屋情報メディア専門学校,ナゴヤジョウホウメディア,,総合情報学科,,全専攻,有,,,制限なし,3,10,書類,"北海道情報大学通信教育部経営情報学部に同時在籍になる。 卒業までに4年かかる。奨学金100,000円支給。入学選考料15,000円免除。 「資格・検定特典」との併用可。",,,,,,,,,,
25059,,,愛知,3,専門,,,3,私立,名古屋情報メディア専門学校,ナゴヤジョウホウメディア,,ゲーム学科,,全専攻,有,,,制限なし,3,10,書類,"奨学金100,000円支給。入学選考料15,000円免除。 「資格・検定特典」との併用可。",,,,,,,,,,
25060,,,愛知,3,専門,,,3,私立,名古屋情報メディア専門学校,ナゴヤジョウホウメディア,,ITスペシャリスト学科,,全専攻,有,,,制限なし,3,10,書類,"奨学金100,000円支給。入学選考料15,000円免除。 「資格・検定特典」との併用可。",,,,,,,,,,
25061,,,愛知,3,専門,,,3,私立,名古屋情報メディア専門学校,ナゴヤジョウホウメディア,,IT(情報技術)学科,,全専攻,有,,,制限なし,3,10,書類・面接,"奨学金100,000円支給。入学選考料15,000円免除。 「資格・検定特典」との併用可。",,,,,,,,,,
25062,,,愛知,3,専門,,,3,私立,名古屋医療秘書福祉＆IT専門学校,ナゴヤイリョウヒショフクシアンドアイティー,,全学科,,,有,,,制限なし,2.7,10,書類,"医療福祉科と介護福祉科は面接あり。選考料\20,000免除。 特待生制度あり。指定校希望者がいれば、広報室までご連絡",,,,,,,,,,
25063,,,愛知,3,専門,,,3,私立,名古屋リゾート＆スポーツ専門学校,ナゴヤリゾートアンドスポーツ,,全学科,,,有,,,制限なし,2.7,10,書類,"スポーツ保育科は面接あり。選考料\20,000免除。 特待生制度あり。指定校希望者がいれば、広報室までご連絡",,,,,,,,,,
25064,,,愛知,3,専門,,,3,私立,名古屋ビューティーアート専門学校,ナゴヤビューティーアート,,全学科,,,有,,,制限なし,2.7,10,書類,"美容科とヘアメイク科は面接あり。選考料\20,000免除。 特待生制度あり。指定校希望者がいれば、広報室までご連絡",,,,,,,,,,
25065,,,愛知,3,専門,,,3,私立,名古屋こども専門学校,ナゴヤコドモ,,全学科,,,有,,,制限なし,2.7,10,書類・面接,"選考料\20,000免除。特待生制度あり。指定校希望者がいれば、広報室までご連絡",,,,,,,,,,
25066,,,愛知,3,専門,,,3,私立,名古屋ウェディング＆ブライダル専門学校,ナゴヤウェディングアンドブライダル,,全学科,,,有,,,制限なし,2.7,10,書類,"選考料\20,000免除。特待生制度あり。指定校希望者がいれば、広報室までご連絡",,,,,,,,,,
25067,,,愛知,3,専門,,,3,私立,あいちビジネス専門学校,アイチビジネス,,全学科,,,有,,,制限なし,2.7,10,書類,入学検定料２万円、入学金3万円免除、インターネット出願,,,,,,,,,,
25068,,,東京,2,短大,,,3,私立,帝京短期大学,テイキョウタンキ,,生活科学,ｷｬﾘｱﾃﾞｻﾞｲﾝ・養護教諭,生活科学,,,,2,3,10,面接・書類,面接に口頭試問含む,,,,,,,,,,
25069,,,東京,2,短大,,,3,私立,帝京短期大学,テイキョウタンキ,,こども教育,こども教育,こども教育,,,,2,3,10,面接・書類,面接に口頭試問含む,,,,,,,,,,
25070,,,東京,2,短大,,,3,私立,帝京短期大学,テイキョウタンキ,,ライフケア,臨床検査,臨床検査,,かつ理科の平均も3.0,,2,3,10,面接・書類,面接に口頭試問含む,,,,,,,,,,
25071,,,東京,2,短大,,,3,私立,帝京短期大学,テイキョウタンキ,,ライフケア,柔道整復(昼間部),柔道整復,,,,2,3,10,面接・書類,面接に口頭試問含む,,,,,,,,,,
25072,,,東京,2,短大,,,3,私立,帝京短期大学,テイキョウタンキ,,ライフケア,柔道整復(夜間部),柔道整復二部,,,,2,3,10,面接・書類,面接に口頭試問含む,,,,,,,,,,
25073,,,愛知,2,短大,,,3,私立,名古屋文理大学短期大学部,ナゴヤブンリダイガクタンキ,,食物栄養学科,,栄養士専攻,有,,,2,3,10,面接・書類,"面接は個人面接 入学金\105,000付与",,,,,,,,,,
25074,,,愛知,2,短大,,,3,私立,名古屋文理大学短期大学部,ナゴヤブンリダイガクタンキ,,食物栄養学科,,製菓専攻,有,,,2,3,10,面接・書類,"面接は個人面接 入学金\105,000付与",,,,,,,,,,
25075,,,愛知,3,専門,,,3,私立,ニチエイ調理専門学校,ニチエイチョウリ,,全学科,,,有,,,2,2.7,10,面接・書類,検定料無料,,,,,,,,,,
25076,,,愛知,3,専門,,,3,私立,星城大学リハビリテーション学院,セイジョウダイガクリハビリテーションガクイン,,理学療法学科,,,有,本校のAO面談を受けていない者,,1,3.4,10,面接・書類,,,,,,,,,,,
25077,,,愛知,3,専門,,,3,私立,名古屋工学院専門学校,ナゴヤコウガクイン,,全学科,,,有,,高度情報学科は基本情報技術者試験合格者,制限なし,3,10,書類,"インターネット出願 入学検定料免除 入学金から\30,000免除 (高度情報学科は除く)",,,,,,,,,,
25078,,,愛知,3,専門,,,3,私立,名古屋外語・ホテル・ブライダル専門学校,ナゴヤガイゴ・ホテル・ブライダル,,全学科,,,有,,,2,3,10,書類・面接,"各学科2名まで インターネット出願 入学検定料全額免除 入学金から\50,000免除 1期から4期まであり。",,,,,,,,,,
25079,,,東京,3,専門,,,3,私立,窪田理容美容専門学校,クボタリヨウビヨウ,,全学科,,,,,,若干名,2.7,10,書類,希望者が出たら電話連絡、願書を送付してもらう。 入学後、いろいろ優遇措置あり。,,,,,,,,,,
25080,,,東京,3,専門,,,3,私立,尚美ミュージックカレッジ専門学校,ショウビミュージックカレッジ,,全学科,,,,芸術系科目が3.8以上でも可,,若干名,3.6,10,書類・面接・実技,実技試験はｼﾞｬｽﾞ・ﾎﾟﾋﾟｭﾗｰ学科、管弦打楽器学科、音楽総合ｱｶﾃﾞﾐｰ学科のみ,,,,,,,,,,
25081,,,東京,3,専門,,,3,私立,東京保健医療専門職大学,トウキョウホケンイリョウセンモンショク,リハビリテーション学部,全学科,,,,,,1,3.3,10,書類・面接,Web出願、希望者が出たら連絡して指定校コードを受ける。3年間一つの部活を続けられたら、初年度の授業料15万円免除,,,,,,,,,,
25082,,,愛知,3,専門,,,3,私立,大原簿記情報医療専門学校,オオハラボキジョウホウイリョウ,,全学科,全コース,,有,服装や身なりに乱れがない者,,5,2.7,10,書類,"大原学園系列全校全学科コース合わせて５人以内。授業料の総合計より50,000円免除。資格または経歴による特別奨学生制度あり。",,,,,,,,,,
25083,,,愛知,3,専門,,,3,私立,大原法律公務員専門学校,オオハラホウリツコウムイン,,全学科,全コース,,有,,,5,2.7,10,書類,"大原学園系列全校全学科コース合わせて５人以内。授業料の総合計より50,000円免除。資格または経歴による特別奨学生制度あり。",,,,,,,,,,
25084,,,愛知,3,専門,,,3,私立,大原トラベル・ホテル・ブライダル専門学校,オオハラトラベル・ホテル・ブライダル,,全学科,全コース,,有,,,5,2.7,10,書類,"大原学園系列全校全学科コース合わせて５人以内。授業料の総合計より50,000円免除。資格または経歴による特別奨学生制度あり。",,,,,,,,,,
25085,,,愛知,3,専門,,,3,私立,東京ITプログラミング＆会計専門学校名古屋校,トウキョウアイティプログラミングアンドカイケイ,,全学科,,,有,,,2,2.7,10,書類,選考料免除。特待生制度あり。,,,,,,,,,,
25086,,,愛知,3,専門,,,3,私立,東京法律公務員専門学校名古屋校,トウキョウホウリツコウムイン,,全学科,,,有,,,2,2.7,10,書類,選考料免除。特待生制度あり。,,,,,,,,,,
25087,,,愛知,3,専門,,,3,私立,愛知自動車整備専門学校,アイチジドウシャセイビ,,自動車科,2級コース,,有,3年次の欠席が5日以内,,制限なし,2.7,10,面接・学科（数学）・書類,筆記試験は数学Ⅰ,,,,,,,,,,
25088,,,埼玉,2,短大,,,3,私立,川口短期大学,カワグチタンキ,,ビジネス実務学科,,,,,,1,3,10,書類・面接,"面接は口頭試問あり。総合型選抜不合格者は出願できない。評定平均3.8以上あれば奨学金\500,000試験の対象者となる。(11月受験者のみ)",,,,,,,,,,
25089,,,埼玉,2,短大,,,3,私立,川口短期大学,カワグチタンキ,,こども学科,,,,,,1,3,10,書類・面接,"面接は口頭試問あり。総合型選抜不合格者は出願できない。評定平均3.8以上あれば奨学金\500,000試験の対象者となる。(11月受験者のみ)",,,,,,,,,,
25090,,,埼玉,1,四大,,,3,私立,埼玉学園大学,サイタマガクエン,人間学部,人間文化学科,,,,,,1,3,10,書類・面接,"面接は口頭試問あり。総合型選抜不合格者は出願できない。評定平均3.8以上あれば奨学金\500,000試験の対象者となる。(11月受験者のみ)",,,,,,,,,,
25091,,,埼玉,1,四大,,,3,私立,埼玉学園大学,サイタマガクエン,,心理学科,,,,,実用英語検定準2級プラス以上でも受験可,1,3.2,10,書類・面接,"面接は口頭試問あり。総合型選抜不合格者は出願できない。評定平均3.8以上あれば奨学金\500,000試験の対象者となる。(11月受験者のみ)",,,,,,,,,,
25092,,,埼玉,1,四大,,,3,私立,埼玉学園大学,サイタマガクエン,,子ども発達学科,,,,,実用英語検定準2級プラス以上、日本漢字能力検定準2級以上、全国高等学校家庭科保育技術検定2級以上のいずれかを取得していても受験可,1,3.1,10,書類・面接,"面接は口頭試問あり。総合型選抜不合格者は出願できない。評定平均3.8以上あれば奨学金\500,000試験の対象者となる。(11月受験者のみ)",,,,,,,,,,
25093,,,埼玉,1,四大,,,3,私立,埼玉学園大学,サイタマガクエン,経済経営学部,経済経営学科,,,,,全経簿記検定（商業簿記）2級以上、全商簿記実務検定2級、日商簿記検定3級、実用英語検定準2級プラス以上のいずれかを取得していても受験可,1,3.2,10,書類・面接,"面接は口頭試問あり。総合型選抜不合格者は出願できない。評定平均3.8以上あれば奨学金\500,000試験の対象者となる。(11月受験者のみ)",,,,,,,,,,
25094,,,埼玉,1,四大,,,3,私立,目白大学,メジロ,人間学部,人間福祉学科,,,,,,1,3.3,10,書類・面接,募集要項は、HPからダウンロードする。選考方法に事前課題もあり。評定平均3.5以上あれば、追加で出願可。,,,,,,,,,,
25095,,,埼玉,1,四大,,,3,私立,目白大学,メジロ,外国語学部,中国語学科,,,,,国語の評定平均が4.0以上、外国語の評定平均が4.0以上、実用英語検定2級以上のいずれか1つ満たしていても受験可,1,3.3,10,書類・面接,募集要項は、HPからダウンロードする。選考方法に事前課題もあり。評定平均3.5以上あれば、追加で出願可。,,,,,,,,,,
25096,,,愛知,3,専門,,,3,私立,名古屋医健スポーツ専門学校,ナゴヤイケンスポーツ,,スポーツマネージメントテクノロジー科,全コース,,有,,,2,3.2,10,書類・面接,選考料無料,,,,,,,,,,
25097,,,愛知,3,専門,,,3,私立,名古屋医健スポーツ専門学校,ナゴヤイケンスポーツ,,プロスポーツトレーナー科,全コース,,有,,,2,3,10,書類・面接,選考料無料,,,,,,,,,,
25098,,,愛知,3,専門,,,3,私立,名古屋医健スポーツ専門学校,ナゴヤイケンスポーツ,,こども保育科,全コース,,有,,,2,3,10,書類・面接,選考料無料,,,,,,,,,,
25099,,,愛知,3,専門,,,3,私立,名古屋医健スポーツ専門学校,ナゴヤイケンスポーツ,,柔道整復科Ⅰ部,全コース,,有,,,1,3.2,10,書類・面接,選考料無料,,,,,,,,,,
25100,,,愛知,3,専門,,,3,私立,名古屋医健スポーツ専門学校,ナゴヤイケンスポーツ,,柔道整復科Ⅱ部,全コース,,有,,,1,3.2,10,書類・面接,選考料無料,,,,,,,,,,
25101,,,愛知,3,専門,,,3,私立,名古屋医健スポーツ専門学校,ナゴヤイケンスポーツ,,鍼灸科,全コース,,有,,,1,3.2,10,書類・面接,選考料無料,,,,,,,,,,
25102,,,愛知,3,専門,,,3,私立,名古屋医健スポーツ専門学校,ナゴヤイケンスポーツ,,理学療法科,全コース,,有,,,1,3.8,10,書類・面接,選考料無料,,,,,,,,,,
25103,,,愛知,3,専門,,,3,私立,名古屋医健スポーツ専門学校,ナゴヤイケンスポーツ,,作業療法科,全コース,,有,,,1,3.2,10,書類・面接,選考料無料,,,,,,,,,,
25104,,,愛知,3,専門,,,3,私立,名古屋医健スポーツ専門学校,ナゴヤイケンスポーツ,,歯科衛生科,全コース,,有,,,1,3.6,10,書類・面接,選考料無料,,,,,,,,,,
25105,,,愛知,3,専門,,,3,私立,名古屋医健スポーツ専門学校,ナゴヤイケンスポーツ,,食健康テクノロジー科,全コース,,有,,,2,3,10,書類・面接,選考料無料,,,,,,,,,,
25106,,,愛知,2,短大,,,3,私立,名古屋経営短期大学,ナゴヤケイエイタンキ,,未来キャリア学科,,,有,,,2,3,10,書類・面接,評定平均4.0以上で入学金全額免除。評定平均3.0以上で入学金半額免除。インターネット出願。面接に口頭試問あり。,,,,,,,,,,
25107,,,愛知,2,短大,,,3,私立,名古屋経営短期大学,ナゴヤケイエイタンキ,,子ども学科,,,有,,,2,3,10,書類・面接,評定平均4.0以上で入学金全額免除。評定平均3.0以上で入学金半額免除。インターネット出願。面接に口頭試問あり。,,,,,,,,,,
25108,,,愛知,2,短大,,,3,私立,名古屋経営短期大学,ナゴヤケイエイタンキ,,介護福祉学科,,,有,,,2,3,10,書類・面接,評定平均4.0以上で入学金全額免除。評定平均3.0以上で入学金半額免除。インターネット出願。面接に口頭試問あり。,,,,,,,,,,
25109,,,愛知,1,四大,,,3,私立,名古屋産業大学,ナゴヤサンギョウ,現代ビジネス学部,現代ビジネス学科,,,有,,,1,3,10,書類・面接,インターネット出願。面接に口頭試問あり。入学金半額免除。,,,,,,,,,,
25110,,,愛知,1,四大,,,3,私立,名古屋産業大学,ナゴヤサンギョウ,現代ビジネス学部,経営専門職学科,,,有,,,1,3,10,書類・面接,インターネット出願。面接に口頭試問あり。入学金半額免除。,,,,,,,,,,
25111,,,愛知,1,四大,,,3,私立,名古屋商科大学,ナゴヤショウカ,経営学部,全学科,,,有,,,制限なし,3.2,10,書類・面接,全学部全学科合わせて5名以内。面接は口頭試問も含む。人数が決まったら、渉外部門にFAX。,,,,,,,,,,
25112,,,愛知,1,四大,,,3,私立,名古屋商科大学,ナゴヤショウカ,経済学部,全学科,,,有,,,制限なし,3.2,10,書類・面接,全学部全学科合わせて5名以内。面接は口頭試問も含む。人数が決まったら、渉外部門にFAX。,,,,,,,,,,
25113,,,愛知,1,四大,,,3,私立,名古屋商科大学,ナゴヤショウカ,商学部,全学科,,,有,,,制限なし,3.2,10,書類・面接,全学部全学科合わせて5名以内。面接は口頭試問も含む。人数が決まったら、渉外部門にFAX。,,,,,,,,,,
25114,,,愛知,1,四大,,,3,私立,名古屋商科大学,ナゴヤショウカ,国際学部,全学科,,,有,,,制限なし,3.2,10,書類・面接,全学部全学科合わせて5名以内。面接は口頭試問も含む。人数が決まったら、渉外部門にFAX。,,,,,,,,,,
25115,,,愛知,1,四大,,,3,私立,名古屋商科大学,ナゴヤショウカ,経営管理課程,,,,有,,,制限なし,3.7,10,書類・面接,全学部全学科合わせて5名以内。面接は口頭試問も含む。人数が決まったら、渉外部門にFAX。,,,,,,,,,,
25116,,,愛知,3,専門,,,3,私立,広告デザイン専門学校,コウコクデザイン,,全学科,,,有,オープンスクールに参加して個別面談を受けていること。,,2,2.7,10,書類・面接,プレ入学制度で最大10万円の助成金を受けられる。選考料免除。学費納入金の内、3万円助成。,,,,,,,,,,
25117,,,愛知,3,専門,,,3,私立,名古屋ユマニテク歯科衛生専門学校,ナゴヤユマニテクシカエイセイ,,歯科衛生学科,,,有,オープンキャンパスに参加又はこれに準ずるイベントに参加していること。,,3,3,10,書類・面接,,,,,,,,,,,
25118,,,愛知,3,専門,,,3,私立,名古屋ユマニテク調理製菓専門学校,ナゴヤユマニテクチョウリセイカ,,調理師専科,,,有,オープンキャンパスに参加又はこれに準ずるイベントに参加していること。,,2,2.7,10,書類・面接,入学手続きをすませた者には奨学金として10万円給付。成績上位者にはチャレンジ特待制度あり。（A、B、Cの3種類で金額が違う。）全商簿記実務検定1級、日商簿記検定2級以上、 FP2級以上、情報処理検定1級のいずれかを取得していれば、奨学金として10万円給付を受けることができる。,,,,,,,,,,
25119,,,愛知,3,専門,,,3,私立,名古屋ユマニテク調理製菓専門学校,ナゴヤユマニテクチョウリセイカ,,製菓製パン本科,,,有,オープンキャンパスに参加又はこれに準ずるイベントに参加していること。,,4,2.7,10,書類・面接,入学手続きをすませた者には奨学金として10万円給付。成績上位者にはチャレンジ特待制度あり。（A、B、Cの3種類で金額が違う。）全商簿記実務検定1級、日商簿記検定2級以上、 FP2級以上、情報処理検定1級のいずれかを取得していれば、奨学金として10万円給付を受けることができる。,,,,,,,,,,
25120,,,愛知,3,専門,,,3,私立,あいち福祉医療専門学校,アイチフクシイリョウ,,作業療法科,,,有,,,1,3.2,9,書類・面接,入学金2万円免除、入学時の授業料から3万円減免 インターネット出願,,,,,,,,,,
25121,,,愛知,3,専門,,,3,私立,あいち造形デザイン専門学校,アイチゾウケイデザイン,,全学科,,,有,,,若干名,2.7,10,書類,各学科で若干名。インターネット出願限定。入学検定料免除。入学時納入金から3万円免除。学校が必要と認めた場合は面接あり。,,,,,,,,,,
25122,,,愛知,3,専門,,,3,私立,名古屋理容美容専門学校,ナゴヤリヨウビヨウ,,全学科,,,有,評定平均4.0以上、3年生1学期までの欠席が3日以内の人は、特待生推薦を受けることができる。,,3,2.7,10,書類・面接,全学科合計で3名。指定校推薦制度は学費より5万円免除。特待生は30万円もしくは20万円免除。一人暮らし応援制度として学費より5万円免除。(指定校推薦制度と併用可。),,,,,,,,,,
25123,,,埼玉,1,四大,,,3,私立,ものつくり大学,モノツクリ,技能工芸学部,全学科,,,,評定平均4.0以上の場合、スカラシップ入試になる。その場合、入学金30万円を免除。,,5,3.2,10,,全学科合わせて5名。試験はA日程からC日程まで3回あり。推薦書はダウンロード、募集要項は8月上旬以降、HPを見てください。,,,,,,,,,,
25124,,,愛知,3,専門,,,3,私立,名古屋ウェディング＆フラワー・ビューティー専門学校,ナゴヤウェディング＆フラワー・ビューティー,,ブライダルビジネス科 フラワービジネス科 トータルビューティー科,,,有,,,3,2.7,10,書類,1年次前期授業料より10万円免除。ステップアップセミナー申込をした者、特待生選考を志願した者は受験料2万円を免除。,,,,,,,,,,
25125,,,岐阜,3,専門,,,3,私立,朝日大学歯科衛生士専門学校,アサヒダイガクシカエイセイシ,,歯科衛生士学科,,,,,,制限なし,3,10,書類・小論文・面接,特別入試,,,,,,,,,,
25126,,,愛知,1,四大,,,3,私立,愛知みずほ大学,アイチミズホ,人間科学部,心身健康科学学科,全コース,,有,,,3,3.2,10,書類・面接,面接は口頭試問も含む。 Web出願。全コースで３名。,,,,,,,,,,
25127,,,愛知,3,専門,,,3,私立,国際医学技術専門学校,コクサイイガクギジュツ,理学療法学科,,,,有,,,3,3.4,10,書類・面接,入学金20万円のうち、１５万円を免除。第５次試験まであり。評定平均４．０以上の人は入学金全額免除。特待生選考試験もあり。,,,,,,,,,,
25128,,,愛知,3,専門,,,3,私立,国際医学技術専門学校,コクサイイガクギジュツ,作業療法学科,,,,有,,,3,3.3,10,書類・面接,入学金20万円のうち、１５万円を免除。第５次試験まであり。評定平均４．０以上の人は入学金全額免除。特待生選考試験もあり。,,,,,,,,,,
25129,,,愛知,2,短大,,,3,私立,愛知みずほ短期大学,アイチミズホ,,生活学科,,食物栄養専攻 生活文化専攻,有,,,10,3,10,書類・面接,Web出願。両専攻合わせて10名。,,,,,,,,,,
25130,,,愛知,2,短大,,,3,私立,愛知みずほ短期大学,アイチミズホ,,現代幼児教育学科,,,有,,,5,3,10,書類・面接,Web出願。,,,,,,,,,,
25131,,,東京,1,四大,,,3,私立,東京工芸大学,トウキョウコウゲイ,芸術学部,マンガ学科,,,,,,2,3.6,10,書類・面接,Web出願。試験当日に自作品または自己アピールできる資料を持参することが望ましい。,,,,,,,,,,
25132,,,岐阜,1,四大,,,3,私立,岐阜聖徳大学,ギフショウトク,人文学部,人文学科,,英語英米文化専攻,,外国語の評定平均が3.5以上,,1,3,10,書類・面接,面接は集団面接で口頭試問あり。評定平均と出願条件の評定を両方とも満たす者。,,,,,,,,,,
25133,,,岐阜,1,四大,,,3,私立,岐阜聖徳大学,ギフショウトク,人文学部,人文学科,,日本語日本文化専攻,,国語の評定平均が3.5以上,,1,3,10,書類・面接,面接は集団面接で口頭試問あり。評定平均と出願条件の評定を両方とも満たす者。,,,,,,,,,,
25134,,,岐阜,1,四大,,,3,私立,岐阜聖徳大学,ギフショウトク,人文学部,人文学科,,歴史地理専攻,,地理歴史の評定平均が3.5以上,,1,3,10,書類・面接,面接は集団面接で口頭試問あり。評定平均と出願条件の評定を両方とも満たす者。,,,,,,,,,,
25135,,,岐阜,1,四大,,,3,私立,岐阜聖徳大学,ギフショウトク,経済情報学部,経済情報学科,,,,,次のいずれかに該当する者。 　１．簿記の評定平均が3.5以上 　２．次の資格検定合格者 　　　・日本情報処理検定協会主催情報処理検定 　　　　表計算2級以上・データベース2級以上 　　　・情報処理推進機構基本情報技術者試験、 　　　　情報セキュリティマネジメント試験、 　　　　ITパスポート試験 　　　・日商簿記検定2級以上、日商ビジネス英語 　　　　検定3級以上、日商PC検定3級以上 　　　・全商英語検定2級以上、全商情報処理検定 　　　　2級以上、全商商業経済検定2級以上、 　　　　全商簿記実務検定2級以上 　　,1,3,10,書類・面接,面接は集団面接で口頭試問あり。,,,,,,,,,,
25136,,,愛知,3,専門,,,3,私立,名古屋デザイン＆テクノロジー専門学校,ナゴヤデザイン＆テクノロジー,,全学科,,全専攻,有,オープンキャンパスか学校説明会に参加した者,,4,2.7,10,書類・面接,書類の中にプレゼンテーションシートあり。選考料3万円無料。,,,,,,,,,,
25137,,,大阪,1,四大,,,3,私立,帝塚山学院大学,テヅカヤマガクイン,総合心理学部,総合心理学科,,,,,,1,3.3,10,書類・面接・小論文,面接はグループ面接。インターネット出願。遠く体制チャレンジ制度に合格すると授業料が半額免除。,,,,,,,,,,
25138,,,大阪,1,四大,,,3,私立,帝塚山学院大学,テヅカヤマガクイン,食環境学部,食イノベーション学科,,,,,,1,3,10,書類・面接・小論文,面接はグループ面接。インターネット出願。遠く体制チャレンジ制度に合格すると授業料が半額免除。,,,,,,,,,,
25139,,,大阪,1,四大,,,3,私立,帝塚山学院大学,テヅカヤマガクイン,食環境学部,管理栄養学科,,,,理科の評定平均が3.3以上,,1,3.3,10,書類・面接・小論文,面接はグループ面接。インターネット出願。遠く体制チャレンジ制度に合格すると授業料が半額免除。,,,,,,,,,,
25140,,,埼玉,1,四大,,,3,私立,城西大学,ジョウサイ,経済学部,経済学科,,,,,,1,3.5,10,書類・面接,面接は口頭試問も含む。合格したら入学前指導あり。,,,,,,,,,,
25141,,,埼玉,1,四大,,,3,私立,城西大学,ジョウサイ,総合政策学部,総合政策学科,,,,,,1,3.5,10,書類・面接,面接は口頭試問も含む。合格したら入学前指導あり。2026年4月より「現代政策学部社会経済システム学科」に名称変更予定。,,,,,,,,,,
25142,,,埼玉,1,四大,,,3,私立,城西大学,ジョウサイ,経営学部,マネジメント総合学科,,,,,,1,3.4,10,書類・面接,面接は口頭試問も含む。合格したら入学前指導あり。,,,,,,,,,,
25143,,,埼玉,1,四大,,,3,私立,城西大学,ジョウサイ,薬学部,医療栄養学科,管理栄養士養成課程,,,,,1,3.7,10,書類・面接,面接は口頭試問も含む。合格したら入学前指導あり。,,,,,,,,,,
25144,,,愛知,3,専門,,,3,私立,理学・作業名古屋専門学校,リガク・サギョウナゴヤ,,全学科,,,有,,,2,2.7,10,書類・面接,各学科２名ずつ。,,,,,,,,,,
25145,,,愛知,3,専門,,,3,私立,保育・介護・ビジネス名古屋専門学校,ホイク・カイゴ・ビジネスナゴヤ,,全学科,全コース,,有,,,2,2.7,10,書類・面接,各学科の各コース2名ずつ,,,,,,,,,,
25146,,,愛知,3,専門,,,3,私立,専門学校日本デザイナー芸術学院,ニホンデザイナーゲイジュツガクイン,,全学科,全コース,,有,,,5,2.7,10,書類・面接,全学科で５名。二年次の学費から10万円免除。面接は子ども学科と子ども芸術学科のみ。,,,,,,,,,,
25147,,,愛知,3,専門,,,3,私立,専門学校日本マンガ芸術学院,ニホンマンガゲイジュツガクイン,,メディアアート学科,全コース,,有,,,5,2.7,10,書類,全学科で５名。二年次の学費から10万円免除。,,,,,,,,,,
25148,,,福岡,1,四大,,,3,私立,サイバー大学,サイバー,IT総合学部,IT総合学科,,,,,,3,3,10,書類,選考の過程で電話面談を行うことあり。電話には速やかに出てほしい。３種類の特待生奨学金制度あり。,,,,,,,,,,
25149,,,静岡,1,四大,,,3,私立,静岡理工科大学,シズオカリコウカ,理工学部,理工学科,全学系,,,,,制限なし,3.5,10,書類・面接・学科（数学）,学科試験は数Ⅰと数A。評価点満点中40％に達しないときは不合格となる場合がある。奨学生チャレンジ制度あり。,,,,,,,,,,
25150,,,静岡,1,四大,,,3,私立,静岡理工科大学,シズオカリコウカ,建築・都市デザイン学部,建築・都市デザイン学科,建築学系,,,,,制限なし,3.5,10,書類・面接・学科（数学）,学科試験は数Ⅰと数A。選考でデッサンの実技試験あり。評価点満点中40％に達しないときは不合格となる場合がある。奨学生チャレンジ制度あり。,,,,,,,,,,
25151,,,静岡,1,四大,,,3,私立,静岡理工科大学,シズオカリコウカ,建築・都市デザイン学部,建築・都市デザイン学科,都市デザイン学系,,,,,制限なし,3.5,10,書類・面接・学科（数学）,学科試験は数Ⅰと数A。評価点満点中40％に達しないときは不合格となる場合がある。奨学生チャレンジ制度あり。,,,,,,,,,,
25152,,,静岡,1,四大,,,3,私立,静岡理工科大学,シズオカリコウカ,情報学部,情報学科,,,,,,制限なし,3.5,10,書類・面接・学科（数学）,学科試験は数Ⅰと数A。評価点満点中40％に達しないときは不合格となる場合がある。奨学生チャレンジ制度あり。,,,,,,,,,,
25153,,,三重,1,四大,,,3,私立,鈴鹿医療科学大学,スズカイリョウカガク,保健衛生学部,医療福祉学科,,,,,,1,3.4,10,面接,希望者がいたらFAXで要項を請求。,,,,,,,,,,
25154,,,三重,1,四大,,,3,私立,鈴鹿医療科学大学,スズカイリョウカガク,保健衛生学部,医療福祉学科,,,,,,1,3.4,10,面接,希望者がいたらFAXで要項を請求。,,,,,,,,,,
25155,,,三重,1,四大,,,3,私立,鈴鹿医療科学大学,スズカイリョウカガク,保健衛生学部,鍼灸サイエンス学科,,,,,,1,3.4,10,面接,希望者がいたらFAXで要項を請求。,,,,,,,,,,
25156,,,東京,3,専門,,,3,私立,東京ベルエポック製菓調理専門学校,トウキョウベルエポックセイカチョウリ,,全学科,,,,,,3,3,10,書類・面接,学科問わず３名以内。３回募集あり。選考料２万円免除。,,,,,,,,,,
25157,,,大阪,3,専門,,,3,私立,清恵会医療専門学校,セイケイカイイリョウ,,診療放射線学科　夜間部4年制,,,,,,2,3.2,10,書類・面接,学校が紹介する病院で診療放射線科助手としてパート化アルバイト勤務できる。,,,,,,,,,,
25158,,,岐阜,2,短大,,,3,私立,平成短期大学,ヘイセイタンキ,,リハビリテーション学科,,理学療法専攻,,,,1,3,10,書類・面接・小論文,小論文は800字,,,,,,,,,,
25159,,,岐阜,2,短大,,,3,私立,平成短期大学,ヘイセイタンキ,,リハビリテーション学科,,作業療法専攻,,,,1,3,10,書類・面接・小論文,小論文は800字,,,,,,,,,,
25160,,,岐阜,2,短大,,,3,私立,平成短期大学,ヘイセイタンキ,,リハビリテーション学科,,視機能療法専攻,,,,1,3,10,書類・面接・小論文,小論文は800字,,,,,,,,,,
25161,,,愛知,1,四大,,,3,私立,名古屋葵大学,ナゴヤアオイ,生活環境学部,生活環境学科,,,有,,,3,3,10,書類・面接・作文,インターネット出願,,,,,,,,,,
25162,,,愛知,1,四大,,,3,私立,岡崎女子大学,オカザキジョシ,教育学部,子ども教育学科,,,有,,,2,3.4,10,書類・面接・プレゼンテーション,面接はグループ。プレゼンテーションは面接に含む。 推薦が決定したら要項は請求。2026年4月から共学。,,,,,,,,,,
25163,,,愛知,2,短大,,,3,私立,岡崎女子短期大学,オカザキジョシタンキ,,幼児教育学科第一部,,,有,,,4,3.2,10,書類・面接・プレゼンテーション,面接はグループ。プレゼンテーションは面接に含む。 推薦が決定したら要項は請求。2026年4月から共学。,,,,,,,,,,
25164,,,愛知,2,短大,,,3,私立,岡崎女子短期大学,オカザキジョシタンキ,,幼児教育学科第二部,,,有,,,4,3.2,10,書類・面接・プレゼンテーション,面接はグループ。プレゼンテーションは面接に含む。 推薦が決定したら要項は請求。2026年4月から共学。,,,,,,,,,,
25165,,,愛知,3,専門,,,3,私立,愛知調理師専門学校,アイチチョウリシ,,,,調理専攻科,有,,,2,2.7,10,書類・面接,入学検定料無料。評定平均3.3以上は学費から10万円免除,,,,,,,,,,
25166,,,愛知,1,四大,,,3,私立,名古屋音楽大学,ナゴヤオンガク,音楽学部,音楽学科,,,有,,,制限なし,3,10,書類・面接,演奏・作品提出。 インターネット出願。,,,,,,,,,,
25167,,,岐阜,1,四大,,,3,私立,岐阜協立大学,ギフキョウリツ,経済学部,経済学科 公共政策学科,,,,,,若干名,3,10,書類・面接,希望者がいたらFAXで要項を請求。評定平均3.8以上か評定平均3.0以上で大学指定の資格を取得した者は特待生・奨学金制度あり。,,,,,,,,,,
25168,,,岐阜,1,四大,,,3,私立,岐阜協立大学,ギフキョウリツ,経営学部,経営情報学科 スポーツ経営学科,,,,,,若干名,3,10,書類・面接,希望者がいたらFAXで要項を請求。評定平均3.8以上か評定平均3.0以上で大学指定の資格を取得した者は特待生・奨学金制度あり。,,,,,,,,,,
25169,,,岐阜,1,四大,,,3,私立,岐阜協立大学,ギフキョウリツ,看護学部,看護学科,,,,,,若干名,3,10,書類・面接,希望者がいたらFAXで要項を請求。評定平均4.0以上か大学指定の資格を取得した者は特待生・奨学金制度あり。,,,,,,,,,,
25170,,,愛知,2,短大,,,3,私立,名古屋文化短大,ナゴヤブンカ,,,全コース,全専攻,有,,,2,3,10,書類・面接,全コースで2名。書類は志望理由(400～500字程度),,,,,,,,,,
25171,,,東京,3,専門,,,3,私立,東京情報デザイン専門職大学,トウキョウジョウホウデザインセンモンショク,情報デザイン学部,情報デザイン学科,,,,,,1,3.5,10,書類,放送大学の講義を受講し、学士の資格がとれる。,,,,,,,,,,
25172,,,愛知,3,専門,,,3,私立,東海歯科医療専門学校,トウカイシカイリョウ,,歯科技工士科,,,有,オープンキャンパスか学校説明会に参加。オープンキャンパス動画を視聴、アンケートに回答した者を含む。,,1,3.3,10,書類・面接・小論文,志願者が出たら要項を請求。合格したら検定料は返還。,,,,,,,,,,
25173,,,愛知,3,専門,,,3,私立,東海医療工学専門学校,トウカイイリョウコウガク,,救急救命科,,,有,オープンキャンパスか学校説明会に参加。オープンキャンパス動画を視聴、アンケートに回答した者を含む。,,1,3.3,10,書類・面接・小論文,志願者が出たら要項を請求。合格したら検定料は返還。,,,,,,,,,,
25174,,,愛知,3,専門,,,3,私立,東海医療科学専門学校,トウカイイリョウカガク,,臨床工学科 理学療法科 柔道整復科,,,有,オープンキャンパスか学校説明会に参加。オープンキャンパス動画を視聴、アンケートに回答した者を含む。,,1,3.3,10,書類・面接・小論文,各学科1名ずつ。志願者が出たら要項を請求。合格したら検定料は返還。,,,,,,,,,,
25175,,,愛知,1,四大,,,3,私立,同朋大学,ドウホウ,文学部,仏教学科,,,有,,,2,3,10,書類・小論文,他に学習や活動の評価がある。１期から３期まであるが、２期以降は小論文が面接になり、学習や活動の評価は自己推薦文になる。,,,,,,,,,,
25176,,,愛知,1,四大,,,3,私立,同朋大学,ドウホウ,文学部,人文学科,,,有,,,2,3,10,書類・小論文,他に学習や活動の評価がある。１期から３期まであるが、２期以降は小論文が面接になり、学習や活動の評価は自己推薦文になる。,,,,,,,,,,
25177,,,愛知,1,四大,,,3,私立,同朋大学,ドウホウ,社会福祉学部,社会福祉学科,,心理学専攻,有,,,3,3,10,書類・小論文,他に学習や活動の評価がある。１期から３期まであるが、２期以降は小論文が面接になり、学習や活動の評価は自己推薦文になる。,,,,,,,,,,
25178,,,愛知,1,四大,,,3,私立,同朋大学,ドウホウ,社会福祉学部,社会福祉学科,,社会福祉専攻,有,,,3,3,10,書類・小論文,他に学習や活動の評価がある。１期から３期まであるが、２期以降は小論文が面接になり、学習や活動の評価は自己推薦文になる。,,,,,,,,,,
25179,,,愛知,1,四大,,,3,私立,同朋大学,ドウホウ,社会福祉学部,社会福祉学科,,子ども学専攻,有,,,2,3,10,書類・小論文,他に学習や活動の評価がある。１期から３期まであるが、２期以降は小論文が面接になり、学習や活動の評価は自己推薦文になる。,,,,,,,,,,
25180,,,愛知,1,四大,,,3,私立,至学館大学,シガクカン,健康科学部,健康スポーツ学科,,,有,,,1,3.4,10,書類・面接,出願書類はHPからダウンロード。志望者有無のアンケートあり。,,,,,,,,,,
25181,,,愛知,1,四大,,,3,私立,日本福祉大学,ニホンフクシ,社会福祉学部,社会福祉学科,,総合政策専修,有,,,2,3.2,10,書類・講義レポート,後期日程あり,,,,,,,,,,
25182,,,愛知,1,四大,,,3,私立,日本福祉大学,ニホンフクシ,社会福祉学部,社会福祉学科,,現代社会専修,有,,,2,3.2,10,書類・講義レポート,後期日程あり,,,,,,,,,,
25183,,,愛知,1,四大,,,3,私立,日本福祉大学,ニホンフクシ,経済学部,経済学科,,経済専修,有,,,2,3,10,書類・講義レポート,後期日程あり,,,,,,,,,,
25184,,,愛知,1,四大,,,3,私立,日本福祉大学,ニホンフクシ,経済学部,経済学科,,経営専修,有,,,2,3,10,書類・講義レポート,後期日程あり,,,,,,,,,,
25185,,,愛知,1,四大,,,3,私立,日本福祉大学,ニホンフクシ,工学部,工学科,,情報工学専修,有,,,2,3.2,10,書類・講義レポート,後期日程あり,,,,,,,,,,
25186,,,愛知,1,四大,,,3,私立,日本福祉大学,ニホンフクシ,工学部,工学科,,建築学専修,有,,,2,3.2,10,書類・講義レポート,後期日程あり,,,,,,,,,,
25187,,,愛知,1,四大,,,3,私立,日本福祉大学,ニホンフクシ,教育・心理学部,こども学科,,,有,,,2,3.2,10,書類・講義レポート,後期日程あり,,,,,,,,,,
25188,,,愛知,1,四大,,,3,私立,日本福祉大学,ニホンフクシ,教育・心理学部,学校教育学科,,,有,,,2,3.2,10,書類・講義レポート,後期日程あり,,,,,,,,,,
25189,,,愛知,1,四大,,,3,私立,日本福祉大学,ニホンフクシ,教育・心理学部,心理学科,,,有,,,2,3.2,10,書類・講義レポート,後期日程あり,,,,,,,,,,
25190,,,愛知,1,四大,,,3,私立,日本福祉大学,ニホンフクシ,国際学部,国際学科,,,有,,,2,3,10,書類・講義レポート,後期日程あり,,,,,,,,,,
25191,,,愛知,1,四大,,,3,私立,日本福祉大学,ニホンフクシ,看護学部,看護学科,,,有,,,1,3.8,10,書類・講義レポート,後期日程あり,,,,,,,,,,
25192,,,愛知,1,四大,,,3,私立,日本福祉大学,ニホンフクシ,スポーツ科学部,スポーツ学科,,,有,,,2,3.2,10,書類・講義レポート,後期日程あり,,,,,,,,,,
25193,,,愛知,3,専門,,,3,私立,名古屋歯科医療専門学校,ナゴヤイリョウシカ,,歯科技工士科,,,有,欠席が僅少のもの,,2,3,,書類・面接,指定校受験者は入学試験検定料1.５万円、合格者は入学金が半額になる。,,,,,,,,,,
25194,,,愛知,3,専門,,,3,私立,中部美容専門学校,チュウブビヨウ,,トータルスタディー科、午前ヘアスタイリスト科,,,有,,,4,2.7,10,書類・作文・面接,両学科合わせて４名。入学検定料２万円無料。,,,,,,,,,,
25195,,,愛知,2,短大,,,3,私立,愛知学泉短期大学,アイチガクセンタンキ,,生活デザイン総合学科,,,有,,,3,3,10,書類・面接,要項は7月に届く。「無限の可能性チャレンジテスト」受験者は面接の得点が1.3倍になる。面接は口頭試問を含む。,,,,,,,,,,
25196,,,愛知,2,短大,,,3,私立,愛知学泉短期大学,アイチガクセンタンキ,,食物栄養学科,,,有,,,1,3.1,10,書類・面接,要項は7月に届く。「無限の可能性チャレンジテスト」受験者は面接の得点が1.3倍になる。面接は口頭試問を含む。,,,,,,,,,,
25197,,,愛知,2,短大,,,3,私立,愛知学泉短期大学,アイチガクセンタンキ,,幼児教育学科,,,有,,,2,3,10,書類・面接,要項は7月に届く。「無限の可能性チャレンジテスト」受験者は面接の得点が1.3倍になる。面接は口頭試問を含む。,,,,,,,,,,
25198,,,愛知,1,四大,,,3,私立,愛知学泉大学,アイチガクセン,家政学部,ライフスタイル学科,,,有,,,2,3,10,書類・面接,要項は7月に届く。面接に口頭試問を含む,,,,,,,,,,
25199,,,愛知,1,四大,,,3,私立,愛知学泉大学,アイチガクセン,家政学部,管理栄養学科,,,有,,,1,3.3,10,書類・面接,要項は7月に届く。面接に口頭試問を含む。志望理由書記載前にHPで必読の記事あり。,,,,,,,,,,
25200,,,愛知,1,四大,,,3,私立,愛知学泉大学,アイチガクセン,家政学部,こどもの生活学科,,,有,,,2,3,10,書類・面接,要項は7月に届く。面接に口頭試問を含む,,,,,,,,,,
25201,,,静岡,1,四大,,,3,私立,静岡産業大学,シズオカサンギョウ,経営学部,,,,,,,3,3.3,10,,志願者がいたら要項を請求。評定平均4.2以上の者は授業料年額40万円付与。,,,,,,,,,,
25202,,,静岡,1,四大,,,3,私立,静岡産業大学,シズオカサンギョウ,スポーツ科学部,,,,,,,3,3.3,10,,志願者がいたら要項を請求。評定平均4.2以上の者は授業料年額40万円付与。,,,,,,,,,,
25203,,,愛知,1,四大,,,3,私立,愛知文教大学,アイチブンキョウ,人文学部,人文学科,,,有,,,5,3,10,書類・面接,面接は希望者にはオンラインで実施。成績優秀者は年間授業料半額を2年間給付。,,,,,,,,,,
25204,,,愛知,3,専門,,,3,私立,名古屋ビューティー専門学校,ナゴヤビューティー,,,美容ライセンスコース,,有,,,1,2.7,10,書類・面接・作文,,,,,,,,,,,
25205,,,愛知,3,専門,,,3,私立,中部ファッション専門学校,チュウブファッション,,全学科,,,有,,,3,3.3,10,書類・面接,全学科で3名。選考料無料。入学金全額または半額免除。,,,,,,,,,,
25206,,,愛知,3,専門,,,3,私立,名古屋医専,ナゴヤイセン,,全学科,,,有,,,2,3,10,書類・面接,各学科２名ずつ。面接で適性診断と作文を免除。,,,,,,,,,,
25207,,,愛知,1,四大,,,3,私立,愛知産業大学,アイチサンギョウ,造形学部,建築学科,,,有,,,1,3,10,書類・面接,面接は口頭試問も含める。,,,,,,,,,,
25208,,,愛知,1,四大,,,3,私立,愛知産業大学,アイチサンギョウ,造形学部,スマートデザイン学科,,,有,,,1,3,10,書類・面接,面接は口頭試問も含める。,,,,,,,,,,
25209,,,愛知,1,四大,,,3,私立,愛知産業大学,アイチサンギョウ,経営学部,総合経営学科,,,有,,,1,3,10,書類・面接,面接は口頭試問も含める。,,,,,,,,,,
25210,,,岐阜,2,短大,,,3,私立,中日本自動車短期大学,ナカニホンジドウシャ,,自動車工学科,,,,,,3,3,10,書類・面接・小論文,両学科合わせて３名。合格者は入学金10万円免除。,,,,,,,,,,
25211,,,岐阜,2,短大,,,3,私立,中日本自動車短期大学,ナカニホンジドウシャ,,モータースポーツエンジニアリング学科,,,,,,3,3,10,書類・面接・小論文,両学科合わせて３名。合格者は入学金10万円免除。,,,,,,,,,,
25212,,,大阪,1,四大,,,3,私立,滋慶医療科学大学,ジケイイリョウカガク,,臨床工学科,,,,,,2,3.4,10,書類・面接,志願者が出たら推薦書を請求。要項はあり。,,,,,,,,,,
25213,,,愛知,3,専門,,,3,私立,名古屋デンタル衛生士学院,ナゴヤデンタルエイセイシガクイン,,歯科衛生士科,,,有,女子,,1,3.3,10,書類・面接,Ⅱ期Ⅲ期まであり。入学金10万円減免。,,,,,,,,,,
25214,,,愛知,1,四大,,,3,私立,名古屋文理大学,ナゴヤブンリ,健康生活学部,健康栄養学科,,,有,,,3,3,10,書類・面接・口頭試問,国数英の学力試験を受け、成績上位者は2年間授業料の半額を奨学金として付与。,,,,,,,,,,
25215,,,愛知,1,四大,,,3,私立,名古屋文理大学,ナゴヤブンリ,健康生活学部,フードビジネス学科,,,有,,,3,3,10,書類・面接・口頭試問,国数英の学力試験を受け、成績上位者は2年間授業料の半額を奨学金として付与。,,,,,,,,,,
25216,,,愛知,1,四大,,,3,私立,名古屋文理大学,ナゴヤブンリ,情報メディア学部,情報メディア学科,,,有,,,1,3.5,10,書類・面接・口頭試問,国数英の学力試験を受け、成績上位者は2年間授業料の半額を奨学金として付与。,,,,,,,,,,
25217,,,愛知,1,四大,,,3,私立,金城学院大学,キンジョウガクイン,文学部,国際英語学科,,,有,,,1,3,10,書類・面接・口頭試問,募集要項は9月に届く予定。ネット出願。パスワードあり。,,,,,,,,,,
25218,,,愛知,1,四大,,,3,私立,金城学院大学,キンジョウガクイン,経営学部,経営学科,,,有,,,1,3,10,書類・面接・口頭試問,募集要項は9月に届く予定。ネット出願。パスワードあり。,,,,,,,,,,
25219,,,愛知,1,四大,,,3,私立,金城学院大学,キンジョウガクイン,デザイン工学部,情報デザイン学科,,,有,,,2,3,10,書類・面接・口頭試問,募集要項は9月に届く予定。ネット出願。パスワードあり。,,,,,,,,,,
25220,,,愛知,3,専門,,,3,私立,名古屋文理栄養士専門学校,ナゴヤブンリエイヨウシ,,栄養士科,,,有,,,制限なし,3,10,書類・面接,Ⅱ期もあり。合格すれば入学金全額免除。入学金20万円を奨学金として全額付与。,,,,,,,,,,
25221,,,千葉,1,四大,,,3,私立,秀明大学,シュウメイ,総合経営学部,,企業会計、ビジネス、起業,,,,,2,3,10,書類・面接・適性検査,適性検査は基礎学力型、資格検定型、探求学習型の３通りから１つ選択。ただし、資格検定型は、所定の検定で３ポイント以上なければ受験できない。資格については別紙参照。合格すれば変換なしの奨学金を付与。,,,,,,,,,,
25222,,,千葉,1,四大,,,3,私立,秀明大学,シュウメイ,グローバルマネージメント学部,,英語キャリア、ITキャリア,,,,,2,3,10,書類・面接・適性検査,適性検査は基礎学力型、資格検定型、探求学習型の３通りから１つ選択。ただし、資格検定型は、所定の検定で３ポイント以上なければ受験できない。資格については別紙参照。合格すれば変換なしの奨学金を付与。,,,,,,,,,,
25223,,,千葉,1,四大,,,3,私立,秀明大学,シュウメイ,観光ビジネス学部,,－,,,,,2,3,10,書類・面接・適性検査,適性検査は基礎学力型、資格検定型、探求学習型の３通りから１つ選択。ただし、資格検定型は、所定の検定で３ポイント以上なければ受験できない。資格については別紙参照。合格すれば変換なしの奨学金を付与。,,,,,,,,,,
25224,,,東京都,1,四大,,,3,私立,日本文化大学,ニホンブンカ,法学部,,,,,,,2,3.2,10,書類・面接・小論文,詳細は６月下旬に届く要項を参照。,,,,,,,,,,
25225,,,愛知,1,四大,,,3,私立,星城大学,セイジョウ,経営学部,経営学科,,,有,,,2,3,10,書類・面接,出願者が出たら、大学に生徒氏名を連絡、パスワードをもらい、要項を送ってもらう。,,,,,,,,,,
25226,,,愛知,1,四大,,,3,私立,星城大学,セイジョウ,リハビリテーション学部,,,理学療法学専攻,有,,,1,3.9,10,書類・面接・小論文,出願者が出たら、大学に生徒氏名を連絡、パスワードをもらい、要項を送ってもらう。,,,,,,,,,,
25227,,,愛知,1,四大,,,3,私立,星城大学,セイジョウ,リハビリテーション学部,,,作業療法学専攻,有,,,1,3.6,10,書類・面接・小論文,出願者が出たら、大学に生徒氏名を連絡、パスワードをもらい、要項を送ってもらう。,,,,,,,,,,
25228,,,愛知,3,専門,,,3,私立,日本福祉大学中央福祉専門学校,ニホンフクシダイガクチュウオウフクシ,,介護福祉科,,,有,,,若干名,2.8,10,書類・面接,,,,,,,,,,,
25229,,,愛知,1,四大,,,3,私立,名古屋経済大学,ナゴヤケイザイ,経済学部,現代経済学科,,,有,,,若干名,3,10,書類・面接・小論文,小論文のテーマは要項を参照。ネット出願。評点平均4.0以上で特別奨学生Ⅰの対象となる。,,,,,,,,,,
25230,,,愛知,1,四大,,,3,私立,名古屋経済大学,ナゴヤケイザイ,経営学部,経営学科,,,有,,,若干名,3,10,書類・面接・小論文,小論文のテーマは要項を参照。ネット出願。評点平均4.0以上で特別奨学生Ⅰの対象となる。,,,,,,,,,,
25231,,,愛知,1,四大,,,3,私立,名古屋経済大学,ナゴヤケイザイ,法学部,ビジネス法学科,,,有,,,若干名,3,10,書類・面接・小論文,小論文のテーマは要項を参照。ネット出願。評点平均4.0以上で特別奨学生Ⅰの対象となる。,,,,,,,,,,
25232,,,愛知,1,四大,,,3,私立,名古屋経済大学,ナゴヤケイザイ,人間生活科学部,教育保育学科,,,有,,,若干名,3,10,書類・面接・小論文,小論文のテーマは要項を参照。ネット出願。評点平均4.0以上で特別奨学生Ⅰの対象となる。評点平均3.5以上で特別奨学生Ⅱの対象となる。,,,,,,,,,,
25233,,,愛知,1,四大,,,3,私立,名古屋経済大学,ナゴヤケイザイ,人間生活科学部,管理栄養学科,,,有,,,若干名,3,10,書類・面接・小論文,小論文のテーマは要項を参照。ネット出願。評点平均4.0以上で特別奨学生Ⅰの対象となる。評点平均3.5以上で特別奨学生Ⅱの対象となる。,,,,,,,,,,
25234,,,愛知,1,四大,,,3,私立,愛知医療学院大学,アイチイリョウガクイン,リハビリテーション学部,リハビリテーション学科,,作業療法学専攻,有,,,1,3.1,10,面接,面接は口頭試問を含む。志願者が出たら要項を請求。,,,,,,,,,,
25235,,,愛知,1,四大,,,3,私立,東海学園大学,トウカイガクエン,経営学部,経営学科,,,有,,,1,3.5,10,書類・作文,作文はエッセイ。志願者が出たら要項を請求。,,,,,,,,,,
25236,,,愛知,1,四大,,,3,私立,東海学園大学,トウカイガクエン,人文学部,人文学科,,,有,,,1,3.5,10,書類・作文,作文はエッセイ。志願者が出たら要項を請求。,,,,,,,,,,
25237,,,愛知,1,四大,,,3,私立,東海学園大学,トウカイガクエン,心理学部,心理学科,,,有,,,1,3.7,10,書類・作文,作文はエッセイ。志願者が出たら要項を請求。,,,,,,,,,,
25238,,,愛知,1,四大,,,3,私立,東海学園大学,トウカイガクエン,教育学部,教育学科,,学校教育専攻,有,,,2,3.5,10,書類・作文,作文はエッセイ。志願者が出たら要項を請求。,,,,,,,,,,
25239,,,愛知,1,四大,,,3,私立,東海学園大学,トウカイガクエン,教育学部,教育学科,,保育専攻,有,,,1,3.1,10,書類・作文,作文はエッセイ。志願者が出たら要項を請求。,,,,,,,,,,
25240,,,愛知,1,四大,,,3,私立,東海学園大学,トウカイガクエン,教育学部,教育学科,,養護教諭専攻,有,,,2,3.5,10,書類・作文,作文はエッセイ。志願者が出たら要項を請求。,,,,,,,,,,
25241,,,愛知,1,四大,,,3,私立,東海学園大学,トウカイガクエン,スポーツ健康科学部,スポーツ健康科学科,,,有,,,1,3.5,10,書類・作文,作文はエッセイ。志願者が出たら要項を請求。,,,,,,,,,,
25242,,,愛知,1,四大,,,3,私立,東海学園大学,トウカイガクエン,健康栄養学部,健康栄養学科,,管理栄養士専攻,有,,,1,3.7,10,書類・作文,作文はエッセイ。志願者が出たら要項を請求。,,,,,,,,,,
25243,,,愛知,1,四大,,,3,私立,東海学園大学,トウカイガクエン,健康栄養学部,健康栄養学科,,食品開発専攻,有,,,1,3.5,10,書類・作文,作文はエッセイ。志願者が出たら要項を請求。,,,,,,,,,,
25244,,,愛知,1,四大,,,3,私立,椙山女学園大学,スギヤマジョガクエン,生活科学部,生活環境デザイン学科,,,有,,,1,3.6,10,書類・面接・プレゼンテーション,,,,,,,,,,,
25245,,,愛知,1,四大,,,3,私立,椙山女学園大学,スギヤマジョガクエン,外国語学部,英語英米学科,,,有,英語の評定平均が3.5以上も受験可。,以下の資格のいずれかを取得している者も受験可。 　・実用英語検定準2級以上、 　・GTEC CBT700点以上、 　・GTEC検定版675点以上、 　・TOEIC(R)L&R385点以上、 　・TOEIC Bridge(R)L&R64点以上、 　・TOEIC Bridge(R)S&W71点以上、 　・TOEFL iBT(R)L&R42点以上、 　・IELTS3.0以上、 　・TEAP135点以上、 　・ケンブリッジ英語検定A2Key/A2Key for  　　Schools120点以上,2,3.3,10,書類・面接・口頭試問,口頭試問は英語。面接は日本語。,,,,,,,,,,
25246,,,愛知,1,四大,,,3,私立,椙山女学園大学,スギヤマジョガクエン,外国語学部,国際教養学科,,,有,英語の評定平均が3.5以上も受験可。,以下の資格のいずれかを取得している者も受験可。 　・実用英語検定準2級以上、 　・GTEC CBT700点以上、 　・GTEC検定版675点以上、 　・TOEIC(R)L&R385点以上、 　・TOEIC Bridge(R)L&R64点以上、 　・TOEIC Bridge(R)S&W71点以上、 　・TOEFL iBT(R)L&R42点以上、 　・IELTS3.0以上、 　・TEAP135点以上、 　・ケンブリッジ英語検定A2Key/A2Key for  　　Schools120点以上,2,3.3,10,書類・面接・口頭試問,,,,,,,,,,,
25247,,,愛知,1,四大,,,3,私立,椙山女学園大学,スギヤマジョガクエン,人間関係学部,人間共生学科,,,有,全体の評定平均3.1以上かつ国語、地歴、公民、数学、理科、外国語のいずれかが4.0以上。,,1,3.3,10,書類・面接・プレゼンテーション,,,,,,,,,,,
25248,,,愛知,1,四大,,,3,私立,椙山女学園大学,スギヤマジョガクエン,人間関係学部,心理学科,,,有,全体の評定平均3.1以上かつ国語、地歴、公民、数学、理科、外国語のいずれかが4.0以上。,,1,3.3,10,書類・面接・プレゼンテーション,,,,,,,,,,,
25249,,,愛知,1,四大,,,3,私立,椙山女学園大学,スギヤマジョガクエン,情報社会学部,情報デザイン学科,,,有,・全体の評定平均3.1以上でかついずれか1教科の評定平均が4.0以上。・全体の評定平均3.1以上でかつ生徒会活動、課外活動、郊外活動において、中心的な役割を果たした者。,,1,3.3,10,書類・面接・プレゼンテーション,,,,,,,,,,,
25250,,,愛知,1,四大,,,3,私立,椙山女学園大学,スギヤマジョガクエン,情報社会学部,現代社会学科,,,有,・全体の評定平均3.1以上でかついずれか1教科の評定平均が4.0以上。・全体の評定平均3.1以上でかつ生徒会活動、課外活動、郊外活動において、中心的な役割を果たした者。,,2,3.3,10,書類・面接・プレゼンテーション,,,,,,,,,,,
25251,,,愛知,1,四大,,,3,私立,椙山女学園大学,スギヤマジョガクエン,現代マネジメント学部,現代マネジメント学科,,,有,,,2,3.4,10,書類・面接・口頭試問,,,,,,,,,,,
25252,,,愛知,1,四大,,,3,私立,大同大学,ダイドウ,工学部,機械工学科,,,有,数学の評定平均３.５以上,,3,3.5,10,書類・面接・小論文,全体で計３名 各学科（各専攻）１名まで 志願者が決定したらWebにて要項を請求。ログインIDあり。10月16日までに連絡。,,,,,,,,,,
25253,,,愛知,1,四大,,,3,私立,大同大学,ダイドウ,工学部,機械システム工学科,,,有,数学の評定平均３.５以上,,3,3.5,10,書類・面接・小論文,全体で計３名 各学科（各専攻）１名まで 志願者が決定したらWebにて要項を請求。ログインIDあり。10月16日までに連絡。,,,,,,,,,,
25254,,,愛知,1,四大,,,3,私立,大同大学,ダイドウ,工学部,電気電子工学科,,,有,数学の評定平均３.５以上,,3,3.5,10,書類・面接・小論文,全体で計３名 各学科（各専攻）１名まで 志願者が決定したらWebにて要項を請求。ログインIDあり。10月16日までに連絡。,,,,,,,,,,
25255,,,愛知,1,四大,,,3,私立,大同大学,ダイドウ,建築学部,建築学科,,建築専攻,有,数学の評定平均３.５以上,,3,3.8,10,書類・面接・小論文,全体で計３名 各学科（各専攻）１名まで 志願者が決定したらWebにて要項を請求。ログインIDあり。10月16日までに連絡。,,,,,,,,,,
25256,,,愛知,1,四大,,,3,私立,大同大学,ダイドウ,建築学部,建築学科,,インテリアデザイン専攻,有,数学の評定平均３.５以上,,3,3.8,10,書類・面接・小論文,全体で計３名 各学科（各専攻）１名まで 志願者が決定したらWebにて要項を請求。ログインIDあり。10月16日までに連絡。,,,,,,,,,,
25257,,,愛知,1,四大,,,3,私立,大同大学,ダイドウ,建築学部,建築学科,,かおりデザイン専攻,有,数学の評定平均３.５以上,,3,3.7,10,書類・面接・小論文,全体で計３名 各学科（各専攻）１名まで 志願者が決定したらWebにて要項を請求。ログインIDあり。10月16日までに連絡。,,,,,,,,,,
25258,,,愛知,1,四大,,,3,私立,大同大学,ダイドウ,建築学部,建築学科,,都市空間インフラ専攻,有,数学の評定平均３.５以上,,3,3.5,10,書類・面接・小論文,全体で計３名 各学科（各専攻）１名まで 志願者が決定したらWebにて要項を請求。ログインIDあり。10月16日までに連絡。,,,,,,,,,,
25259,,,愛知,1,四大,,,3,私立,大同大学,ダイドウ,情報学部,情報システム学科,,,有,数学の評定平均３.５以上,,3,3.8,10,書類・面接・小論文,全体で計３名 各学科（各専攻）１名まで 志願者が決定したらWebにて要項を請求。ログインIDあり。10月16日までに連絡。,,,,,,,,,,
25260,,,愛知,1,四大,,,3,私立,大同大学,ダイドウ,情報学部,情報デザイン学科,,,有,,,3,3.7,10,書類・面接・小論文,全体で計３名 各学科（各専攻）１名まで 志願者が決定したらWebにて要項を請求。ログインIDあり。10月16日までに連絡。,,,,,,,,,,
25261,,,愛知,1,四大,,,3,私立,大同大学,ダイドウ,情報学部,総合情報学科,,,有,,,3,3.6,10,書類・面接・小論文,全体で計３名 各学科（各専攻）１名まで 志願者が決定したらWebにて要項を請求。ログインIDあり。10月16日までに連絡。,,,,,,,,,,
25262,,,長野,2,短大,,,3,私立,松本大学松商短期大学,マツモトダイガクマツショウタンキ,,商学科,,,,,,1,3.2,10,書類・面接,,,,,,,,,,,
25263,,,長野,2,短大,,,3,私立,松本大学松商短期大学,マツモトダイガクマツショウタンキ,,経営情報学科,,,,,,1,3.2,10,書類・面接,,,,,,,,,,,
25264,,,愛知,3,専門,,,3,私立,ナゴノ福祉歯科医療専門学校,ナゴノフクシシカイリョウ,,歯科衛生士科,,,有,AOエントリーし、AO面談にて出願不許可になっていない者,,2,3.3,10,書類・面接,指定校願書請求用紙あり。,,,,,,,,,,
25265,,,愛知,3,専門,,,3,私立,名古屋辻学園調理専門学校,ナゴヤツジガクエンチョウリ,,全学科(上級調理師科は除く),,,有,,,制限なし,2.7,10,書類,"選考料\20,000免除。特待生制度あり。指定校希望者がいれば、広報室までご連絡",,,,,,,,,,
25266,,,兵庫,1,四大,,,3,私立,姫路大学,ヒメジ,教育学部,子ども未来学科,,,,,,1,3,10,書類・面接,面接は個人で対面とオンライン併用。合格したら入学金20万円免除。,,,,,,,,,,
25267,,,東京都,1,四大,,,3,私立,嘉悦大学,カエツ,経営経済学部,,,,,,,2,3,10,書類・面接・口頭試問,1期から3期までで2名。Web出願。書類の中でも志望理由書を重視。3.3以上あれば入学金全額免除。,,,,,,,,,,
25268,,,埼玉,1,四大,,,3,私立,聖学院大学,セイガクイン,政治経済学部,政治経済学科,,,,全日制過程で評定平均3.5以上なら人数制限なし。,,2,3,10,書類・面接・口頭試問,必要書類はHPからダウンロード。 ,,,,,,,,,,
25269,,,埼玉,1,四大,,,3,私立,聖学院大学,セイガクイン,人文学部,国際文化学科,,,,,,2,3,10,書類・面接・口頭試問,必要書類はHPからダウンロード。 ,,,,,,,,,,
25270,,,埼玉,1,四大,,,3,私立,聖学院大学,セイガクイン,人文学部,日本文化学科,,,,,,1,3,10,書類・面接・口頭試問,必要書類はHPからダウンロード。 ,,,,,,,,,,
25271,,,埼玉,1,四大,,,3,私立,聖学院大学,セイガクイン,人文学部,子ども教育学科,,,,,,3,3,10,書類・面接・口頭試問,必要書類はHPからダウンロード。 ,,,,,,,,,,
25272,,,埼玉,1,四大,,,3,私立,聖学院大学,セイガクイン,心理福祉学部,心理福祉学科,,,,,,2,3,10,書類・面接・口頭試問,必要書類はHPからダウンロード。 ,,,,,,,,,,
25273,,,石川,1,四大,,,3,私立,北陸大学,ホクリク,薬学部,薬学科,,,,,,2,3.3,10,書類・面接,課題レポートもあり。ネット出願。,,,,,,,,,,
25274,,,石川,1,四大,,,3,私立,北陸大学,ホクリク,経済経営学部,経済学科,,,,,,3,3,10,書類・面接,課題レポートもあり。ネット出願。,,,,,,,,,,
25275,,,石川,1,四大,,,3,私立,北陸大学,ホクリク,経済経営学部,マネジメント学科,,,,,,3,3,10,書類・面接,課題レポートもあり。ネット出願。,,,,,,,,,,
25276,,,石川,1,四大,,,3,私立,北陸大学,ホクリク,国際コミュニケーション学部,国際コミュニケーション学科,,,,,,3,3,10,書類・面接,課題レポートもあり。ネット出願。,,,,,,,,,,
25277,,,石川,1,四大,,,3,私立,北陸大学,ホクリク,国際コミュニケーション学部,心理社会学科,,,,,,3,3,10,書類・面接,課題レポートもあり。ネット出願。,,,,,,,,,,
25278,,,愛知,3,専門,,,3,私立,トヨタ名古屋自動車大学校,トヨタナゴヤジドウシャセイビ,,自動車整備科,,,有,普通自動車免許(AT限定は除く)を専門学校卒業までに取得可能な方,,制限なし,2.7,10,書類・面接,Web出願 ,,,,,,,,,,
25279,,,愛知,3,専門,,,3,私立,トヨタ名古屋自動車大学校,トヨタナゴヤジドウシャセイビ,,高度自動車工学科,,,有,普通自動車免許(AT限定は除く)を専門学校卒業までに取得可能な方,,制限なし,3,10,書類・面接,Web出願 ,,,,,,,,,,
25280,,,愛知,3,専門,,,3,私立,名古屋文化学園保育専門学校,ナゴヤブンカガクエンホイク,,,全コース,,有,,,1,2.7,10,書類・面接,特待生試験に合格すれば20万円、オーストラリア・スカラー試験に合格すれば40万円支給。入学金免除。,,,,,,,,,,
25281,,,東京,1,四大,,,3,私立,東京農業大学,トウキョウノウギョウ,生物産業学部,自然資源経営学科,,,,,,1,3.5,10,書類・口頭試問,事前課題あり。募集要項に記載してあるが、要項はHPから７月７日以降にダウンロードすること。パスワードあり。,,,,,,,,,,
25282,,,東京,1,四大,,,3,私立,多摩大学,タマ,経営情報学部,,,,,,,2,3.2,,書類・面接・口頭試問,,,,,,,,,,,
25283,,,東京,1,四大,,,3,私立,多摩大学,タマ,グローバルスタディーズ学部,,,,,もしくは英語の評定平均が3.6以上の者。,,2,3.2,,書類・面接,英文音読・英語質疑15分程度の試験あり。,,,,,,,,,,
25284,,,岐阜,1,四大,,,3,私立,東海学院大学,トウカイガクイン,人間関係学部,心理学科,,心理学、公認心理師＆認定心理士、救急救命士、言語聴覚士など4つの資格課程がある。,有,,,3,3,10,書類・面接・口頭試問,資格課程ごとに３名。学習成績概評がA以上の合格者は授業料全額免除、学習成績概評がB以上の合格者は授業料半額減額,,,,,,,,,,
25285,,,岐阜,1,四大,,,3,私立,東海学院大学,トウカイガクイン,人間関係学部,子ども発達学科,,保育士、幼稚園教諭、小学校教諭、中学校教諭(英語)、特別支援教諭などの資格課程がある。,有,,,4,3,10,書類・面接・口頭試問,子ども発達学科全体で４名。学習成績概評がA以上の合格者は授業料全額免除、学習成績概評がB以上の合格者は授業料半額免除,,,,,,,,,,
25286,,,岐阜,1,四大,,,3,私立,東海学院大学,トウカイガクイン,健康福祉学部,医療栄養学科,,管理栄養士、臨床検査技師、栄養教諭の3つの資格課程がある。,有,,,3,3,10,書類・面接・口頭試問,資格課程ごとに３名。学習成績概評がA以上の合格者は授業料全額免除、学習成績概評がB以上の合格者は授業料半額免除,,,,,,,,,,
25287,,,岐阜,1,四大,,,3,私立,東海学院大学,トウカイガクイン,健康福祉学部,総合福祉学科,,臨床工学技士、介護福祉士＆社会福祉士＆精神保健福祉士、公認スポーツ指導者などのスポーツ関係＆中学校・高校教諭（保健体育）などの3つの資格課程がある。,有,,,3,3,10,書類・面接・口頭試問,資格課程ごとに３名。学習成績概評がA以上の合格者は授業料全額免除、学習成績概評がB以上の合格者は授業料半額免除,,,,,,,,,,
25288,,,岐阜,2,短大,,,3,私立,東海学院大学短期大学部,トウカイガクインダイガクタンキ,,幼児教育学科,,保育士、幼稚園教諭,,,,4,3,10,書類・面接・口頭試問,学科全体で4名。学習成績概評がA以上の合格者は授業料全額免除、学習成績概評がB以上の合格者は授業料半額免除。,,,,,,,,,,
25289,,,愛知,1,四大,,,3,私立,修文大学,シュウブン,健康栄養学部,管理栄養学科,,,有,,,制限なし,3,10,書類・面接・口頭試問,面接に口頭試問を含む。家計収入や評定平均などの基準を満たす者は修文奨学生の制度あり。インターネット出願。,,,,,,,,,,
25290,,,愛知,1,四大,,,3,私立,修文大学,シュウブン,看護学部,看護学科,,,有,,,制限なし,3.5,10,書類・面接・口頭試問,面接に口頭試問を含む。家計収入や評定平均などの基準を満たす者は修文奨学生の制度あり。インターネット出願。,,,,,,,,,,
25291,,,愛知,1,四大,,,3,私立,修文大学,シュウブン,医療科学部,臨床検査学科,,,有,,,制限なし,3,10,書類・面接・口頭試問,面接に口頭試問を含む。家計収入や評定平均などの基準を満たす者は修文奨学生の制度あり。インターネット出願。,,,,,,,,,,
25292,,,愛知,2,短大,,,3,私立,修文大学短期大学部,シュウブンダイガクタンキ,,生活文化学科,,,有,,,制限なし,3,10,書類・面接・口頭試問,面接に口頭試問を含む。家計収入や評定平均などの基準を満たす者は修文奨学生の制度あり。インターネット出願。,,,,,,,,,,
25293,,,愛知,2,短大,,,3,私立,修文大学短期大学部,シュウブンダイガクタンキ,,幼児教育学科第一部,,,有,,,制限なし,3,10,書類・面接・口頭試問,面接に口頭試問を含む。家計収入や評定平均などの基準を満たす者は修文奨学生の制度あり。インターネット出願。,,,,,,,,,,
25294,,,愛知,2,短大,,,3,私立,修文大学短期大学部,シュウブンダイガクタンキ,,幼児教育学科第三部,,,有,,,制限なし,3,10,書類・面接・口頭試問,面接に口頭試問を含む。家計収入や評定平均などの基準を満たす者は修文奨学生の制度あり。インターネット出願。,,,,,,,,,,
25295,,,愛知,3,専門,,,2,公立,西知多看護専門学校（指定校推薦ではない）,ニシチタカンゴ,,,,,有,,,,3.5,10,面接・学科（一般教養）・小論文,全体の高校で15名。評定基準ありの公募制推薦。指定校ではない。小論文800字、一般教養5科目高校入試程度,,,,,,,,,,
25296,,,愛知,1,四大,,,3,私立,名城大学,メイジョウ,経営学部,経営学科,,,有,,,1,4,10,書類・面接・口頭試問,指定校推薦入学試験要項の取得方法あり。昨年度と変更なし。高校までの基礎学力や社会問題に関する知識・見解を問う口頭試問も行う,,,,,,,,,,
25297,,,愛知,1,四大,,,3,私立,愛知工業大学,アイチコウギョウ,経営学部,経営学科,,経営情報システム専攻、スポーツマネジメント専攻,有,,評定平均を満たしていなくても以下の資格を取得している者も受験してよい。 １．基本情報技術者試験または応用情報技術者 　試験の合格者。 ２．日商簿記検定２級以上または全商簿記実務検定２級以上の合格者。 ３．ITパスポート試験の合格者。,1,4,10,書類・面接・口頭試問,経営学部と情報科学部合わせて１名。ネット出願。口頭試問は数学Ⅰのデータ分析、英語は音読と簡単な質疑応答、公民は時事問題が問われる。,,,,,,,,,,
25298,,,愛知,1,四大,,,3,私立,愛知工業大学,アイチコウギョウ,情報科学部,情報科学科,,コンピュータシステム専攻、メディア情報専攻,有,,評定平均を満たしていなくても以下の資格を取得している者も受験してよい。 １．基本情報技術者試験または応用情報技術者 　試験の合格者。 ２．全国工業高等学校長協会主催グラフィックデザイン検定３級以上の合格者。,1,4.2,10,書類・面接・口頭試問,経営学部と情報科学部合わせて１名。ネット出願。口頭試問は数学Ⅰ・Ⅱ・A・Bから、英語は基礎的な文法力、語彙力、内容把握力を試す。,,,,,,,,,,
25299,,,愛知,2,短大,,,3,私立,名古屋柳城短期大学,ナゴヤリュウジョウタンキ,,保育科（２年・３年）,,,有,,,3,3,10,書類・面接,"オープンキャンパスに参加した生徒は入学検定料が12,000円減免になる。必要書類はHPからダウンロード。 出願はWeb出願でも後日必要書類は郵送する。 家族に卒業生がいれば、入学金を全額免除。付属の幼稚園の卒園生も入学金を全額免除。",,,,,,,,,,
25300,,,愛知,1,四大,,,3,私立,豊橋創造大学,トヨハシゾウゾウ,経営学部,経営学科,,,有,,,3,3,10,書類・面接,必要書類はHPからダウンロード。,,,,,,,,,,
25301,,,愛知,2,短大,,,3,私立,豊橋創造大学短期大学部,トヨハシソウゾウダイガクタンキ,,幼児教育・保育科,,,有,,,3,3,10,書類・面接,必要書類はHPからダウンロード。,,,,,,,,,,
25302,,,愛知,2,短大,,,3,私立,豊橋創造大学短期大学部,トヨハシソウゾウダイガクタンキ,,キャリアプラニング科,,,有,,,3,3,10,書類・面接,必要書類はHPからダウンロード。,,,,,,,,,,
25303,,,岐阜,1,四大,,,3,私立,中部学院大学,チュウブガクイン,人間福祉学部,,,,,3.5で入学金相当額、3.8で授業料の半額、4.4で授業料相当額の奨学金あり。,,1,3.2,10,書類・面接,面接はグループ面接。他に自己推薦文あり。,,,,,,,,,,
25304,,,岐阜,1,四大,,,3,私立,中部学院大学,チュウブガクイン,教育学部,,,,,3.5で入学金相当額、3.8で授業料の半額、4.4で授業料相当額の奨学金あり。,,1,3.2,10,書類・面接,面接はグループ面接。他に自己推薦文あり。,,,,,,,,,,
25305,,,岐阜,1,四大,,,3,私立,中部学院大学,チュウブガクイン,,理学療法学科,,,,4.7で授業料の半額相当額の奨学金あり。,,1,4.3,10,書類・面接,面接はグループ面接。他に自己推薦文あり。,,,,,,,,,,
25306,,,岐阜,1,四大,,,3,私立,中部学院大学,チュウブガクイン,,看護学科,,,,4.3で授業料の半額相当額の奨学金あり。,,1,4,10,書類・面接,面接はグループ面接。他に自己推薦文あり。,,,,,,,,,,
25307,,,岐阜,1,四大,,,3,私立,中部学院大学,チュウブガクイン,スポーツ健康科学部,,,,,,,1,3,10,書類・面接,面接はグループ面接。他に自己推薦文あり。,,,,,,,,,,
25308,,,岐阜,2,短大,,,3,私立,中部学院大学短期大学部,チュウブガクインタンキ,,幼児教育学科,,,,3.0で入学金相当額、3.5で授業料の半額相当額の奨学金あり。,,1,3,10,書類・面接,面接はグループ面接。他に自己推薦文あり。,,,,,,,,,,
25309,,,岐阜,2,短大,,,3,私立,中部学院大学短期大学部,チュウブガクインタンキ,,社会福祉学科,,,,3.0で入学金相当額、3.5で授業料の半額相当額の奨学金あり。,,1,3,10,書類・面接,面接はグループ面接。他に自己推薦文あり。,,,,,,,,,,
25310,,,愛知,1,四大,,,3,私立,名古屋芸術大学,ナゴヤゲイジュツ,教育学部,子ども学科,,,有,,,2,3,10,書類・面接,子ども学科で2名。,,,,,,,,,,
25311,,,愛知,1,四大,,,3,私立,名古屋芸術大学,ナゴヤゲイジュツ,芸術学部,芸術学科,,音楽領域,有,,,2,3,10,書類・面接,音楽領域から芸術教養領域までの4つの領域合わせて2名。,,,,,,,,,,
25312,,,愛知,1,四大,,,3,私立,名古屋芸術大学,ナゴヤゲイジュツ,芸術学部,芸術学科,,舞台芸術領域,有,,,2,3.3,10,書類・面接,音楽領域から芸術教養領域までの4つの領域合わせて2名。,,,,,,,,,,
25313,,,愛知,1,四大,,,3,私立,名古屋芸術大学,ナゴヤゲイジュツ,芸術学部,芸術学科,,美術領域,有,,,2,3,10,書類・面接,音楽領域から芸術教養領域までの4つの領域合わせて2名。,,,,,,,,,,
25314,,,愛知,1,四大,,,3,私立,名古屋芸術大学,ナゴヤゲイジュツ,芸術学部,芸術学科,,芸術教養領域,有,,,2,3,10,書類・面接,音楽領域から芸術教養領域までの4つの領域合わせて2名。,,,,,,,,,,
25315,,,愛知,1,四大,,,3,私立,名古屋芸術大学,ナゴヤゲイジュツ,芸術学部,芸術学科,,デザイン領域,有,,,2,3.5,10,書類・面接,デザイン領域で2名。,,,,,,,,,,
25316,,,愛知,3,専門,,,3,私立,HAL名古屋,ハルナゴヤ,昼間部,全学科,,,有,,,若干名,2.7,10,書類,書類選考の結果、面接を行うこともあり。国家資格学科とパリ校留学コースの希望者は適性検査あり。4回の試験日のうち、1日を選択。,,,,,,,,,,
25317,,,愛知,3,専門,,,3,私立,平成看護医療専門学校,ヘイセイカンゴイリョウ,,理学療法学科、柔道整復学科、はり・きゅう学科、アスレティックトレーナー学科,,,有,,,若干名,2.7,10,書類・面接,"各学科でそれぞれ若干名。指定校推薦に合格した人には指定校推薦制度奨学金として100,000万円給付される。2回の試験日のうち、1回を選択。",,,,,,,,,,
25318,,,愛知,3,専門,,,3,私立,名古屋総合美容専門学校,ナゴヤソウゴウビヨウ,,専門課程美容科,,,有,健康であること。,,2,2.7,10,書類・面接,"入学検定料15,000円免除。 入学金100,000円免除。",,,,,,,,,,
25319,,,愛知,1,四大,,,3,私立,愛知学院大学,アイチガクイン,文学部,宗教文化学科,,,有,,,1,3.7,10,書類・小論文,希望者が出たら要項を請求。試験日の３日前に受験票をダウンロードすること。,,,,,,,,,,
25320,,,愛知,1,四大,,,3,私立,愛知学院大学,アイチガクイン,商学部,商学科,,,有,,,1,4.3,10,書類・小論文,希望者が出たら要項を請求。試験日の３日前に受験票をダウンロードすること。,,,,,,,,,,
25321,,,愛知,1,四大,,,3,私立,愛知学院大学,アイチガクイン,経営学部,経営学科,,,有,,,2,4,10,書類・小論文,希望者が出たら要項を請求。試験日の３日前に受験票をダウンロードすること。,,,,,,,,,,
25322,,,愛知,1,四大,,,3,私立,愛知学院大学,アイチガクイン,経済学部,経済学科,,,有,,,1,4,10,書類・小論文,希望者が出たら要項を請求。試験日の３日前に受験票をダウンロードすること。,,,,,,,,,,
25323,,,愛知,1,四大,,,3,私立,愛知学院大学,アイチガクイン,法学部,法律学科,,,有,,,1,4.1,10,書類・小論文,希望者が出たら要項を請求。試験日の３日前に受験票をダウンロードすること。,,,,,,,,,,
25324,,,愛知,1,四大,,,3,私立,愛知学院大学,アイチガクイン,法学部,現代社会法学科,,,有,,,1,4.2,10,書類・小論文,希望者が出たら要項を請求。試験日の３日前に受験票をダウンロードすること。,,,,,,,,,,
25325,,,愛知,1,四大,,,3,私立,愛知学院大学,アイチガクイン,総合政策学部,総合政策学科,,,有,,,1,3.8,10,書類・小論文,希望者が出たら要項を請求。試験日の３日前に受験票をダウンロードすること。,,,,,,,,,,
25326,,,愛知,2,短大,,,3,私立,愛知学院大学,アイチガクイン,短期大学部,歯科衛生士学科,,,有,歯科衛生士になる目的意識を明確に持った者。,,1,3.8,10,書類・小論文・面接,希望者が出たら要項を請求。試験日の３日前に受験票をダウンロードすること。,,,,,,,,,,
25327,,,愛知,3,専門,,,3,私立,愛知学院大学歯科技工専門学校,アイチガクインシカギコウ,,本科,,,有,歯科技工士になる目的意識を明確に持った者。,,1,3,10,書類・面接,第2回、第3回から1回を選択。,,,,,,,,,,
25328,,,愛知,1,四大,,,3,私立,中部大学,チュウブ,経営情報学部,経営総合学科,,,有,,,1,3.7,10,書類・学科（国語）,ネット出願のパスワードあり。,,,,,,,,,,
25329,,,愛知,1,四大,,,3,私立,中部大学,チュウブ,国際関係学部,国際学科,,,有,,,3,3.8,10,書類・学科（国語）,ネット出願のパスワードあり。,,,,,,,,,,
25330,,,愛知,1,四大,,,3,私立,中部大学,チュウブ,人文学部,日本語日本文化学科,,,有,,,1,3.8,10,書類・学科（国語）,ネット出願のパスワードあり。,,,,,,,,,,
25331,,,愛知,1,四大,,,3,私立,中部大学,チュウブ,人文学部,英語英米文化学科,,,有,,,2,3.8,10,書類・学科（英語）,ネット出願のパスワードあり。,,,,,,,,,,
25332,,,愛知,1,四大,,,3,私立,中部大学,チュウブ,人文学部,メディア情報社会学科,,,有,,,1,3.8,10,書類・学科（国語）,ネット出願のパスワードあり。,,,,,,,,,,
25333,,,愛知,1,四大,,,3,私立,中部大学,チュウブ,現代教育学部,幼児教育学科,,,有,,,1,3.8,10,書類・学科（国語）,ネット出願のパスワードあり。,,,,,,,,,,
25334,,,愛知,1,四大,,,3,私立,愛知東邦大学,アイチトウホウ,経営学部,,,,有,,,2,3,10,書類・面接・小論文,小論文は事前提出で600字。面接はグループ。指定校推薦入試出願方法の用紙あり。要項はHPからダウンロード。上記の用紙にQRコードあり。,,,,,,,,,,
25335,,,愛知,1,四大,,,3,私立,愛知東邦大学,アイチトウホウ,人間健康学部,,,,有,,,2,3,10,書類・面接・小論文,小論文は事前提出で600字。面接はグループ。指定校推薦入試出願方法の用紙あり。要項はHPからダウンロード。上記の用紙にQRコードあり。,,,,,,,,,,
25336,,,愛知,1,四大,,,3,私立,愛知東邦大学,アイチトウホウ,教育学部,,,,有,,,2,3,10,書類・面接・小論文,小論文は事前提出で600字。面接はグループ。指定校推薦入試出願方法の用紙あり。要項はHPからダウンロード。上記の用紙にQRコードあり。,,,,,,,,,,
25337,,,愛知,1,四大,,,3,私立,愛知淑徳大学,アイチシュクトク,交流文化学部,交流文化学科,,観光専攻,有,,,1,3.5,10,書類・プレゼンテーション,アドミッションポリシーをよく理解しておくこと。 要項はダウンロード、QRコードとパスワードあり。,,,,,,,,,,
25338,,,愛知,1,四大,,,3,私立,愛知淑徳大学,アイチシュクトク,ビジネス学部,ビジネス学科,,,有,,,1,3.5,10,書類・プレゼンテーション,アドミッションポリシーをよく理解しておくこと。 要項はダウンロード、QRコードとパスワードあり。,,,,,,,,,,
25339,,,愛知,3,専門,,,2,公立,半田常滑看護専門学校,ハンダトコナメカンゴ,,看護学科,,,　　無,,,,,10,書類・面接・学科（国語）,受験料は郵便局で振り込む。,,,,,,,,,,
25340,,,愛知,3,専門,,,3,私立,名古屋調理師専門学校,ナゴヤチョウリシ,,,,専門課程,有,オープンキャンパスに１回以上参加していること。,,若干名,3,10,書類・面接,入学金半額免除 受験料全額免除。,,,,,,,,,,
25341,,,愛知,1,四大,,,3,私立,人間環境大学,ニンゲンカンキョウ,総合環境学部,フィールド自然学科,,,有,人間環境大学を初めて受験する者（AOなどにエントリーしたことがないもの）,,1,3.2,10,書類・面接・小論文,"松山道後キャンパス 小論文は800字。 学生納付金200,000円最長4年間免除。ネット出願。パスワードあり。年間12万円の住宅費の徐あり。",,,,,,,,,,
25342,,,愛知,1,四大,,,3,私立,人間環境大学,ニンゲンカンキョウ,総合環境学部,環境情報学科,,,有,人間環境大学を初めて受験する者（AOなどにエントリーしたことがないもの）,,1,3.2,10,書類・面接・小論文,"松山道後キャンパス 小論文は800字。 学生納付金200,000円最長4年間免除。ネット出願。パスワードあり。年間12万円の住宅費の徐あり。",,,,,,,,,,
25343,,,愛知,1,四大,,,3,私立,人間環境大学,ニンゲンカンキョウ,総合心理学部,総合心理学科,,,有,人間環境大学を初めて受験する者（AOなどにエントリーしたことがないもの）,,1,3.2,10,書類・面接・小論文,"松山道後キャンパス 小論文は800字。 学生納付金200,000円最長4年間免除。ネット出願。パスワードあり。年間12万円の住宅費の徐あり。",,,,,,,,,,
25344,,,愛知,1,四大,,,3,私立,人間環境大学,ニンゲンカンキョウ,総合心理学部,総合犯罪心理学科,,,有,人間環境大学を初めて受験する者（AOなどにエントリーしたことがないもの）,,1,3.2,10,書類・面接・小論文,"松山道後キャンパス 小論文は800字。 学生納付金200,000円最長4年間免除。ネット出願。パスワードあり。年間12万円の住宅費の徐あり。",,,,,,,,,,
25345,,,愛知,1,四大,,,3,私立,人間環境大学,ニンゲンカンキョウ,環境科学部,環境データサイエンス学科,,,有,人間環境大学を初めて受験する者（AOなどにエントリーしたことがないもの）,,1,3.5,10,書類・面接・小論文,"岡崎キャンパス 小論文は800字。 学生納付金200,000円最長4年間免除。ネット出願。パスワードあり。年間12万円の住宅費の徐あり。",,,,,,,,,,
25346,,,愛知,1,四大,,,3,私立,人間環境大学,ニンゲンカンキョウ,環境科学部,フィールド生態学科,,,有,人間環境大学を初めて受験する者（AOなどにエントリーしたことがないもの）,,1,4,10,書類・面接・小論文,"岡崎キャンパス 小論文は800字。 学生納付金200,000円最長4年間免除。ネット出願。パスワードあり。年間12万円の住宅費の徐あり。",,,,,,,,,,
25347,,,愛知,1,四大,,,3,私立,人間環境大学,ニンゲンカンキョウ,心理学部,心理学科,,,有,人間環境大学を初めて受験する者（AOなどにエントリーしたことがないもの）,,1,3.5,10,書類・面接・小論文,"岡崎キャンパス 小論文は800字。 学生納付金200,000円最長4年間免除。ネット出願。パスワードあり。年間12万円の住宅費の徐あり。",,,,,,,,,,
25348,,,愛知,1,四大,,,3,私立,人間環境大学,ニンゲンカンキョウ,心理学部,犯罪心理学科,,,有,人間環境大学を初めて受験する者（AOなどにエントリーしたことがないもの）,,1,3.5,10,書類・面接・小論文,"岡崎キャンパス 小論文は800字。 学生納付金200,000円最長4年間免除。ネット出願。パスワードあり。年間12万円の住宅費の徐あり。",,,,,,,,,,
25349,,,埼玉,1,四大,,,3,私立,東都大学,トウト,沼津ヒューマンケア学部,看護学科,,,,オープンキャンパスに１回以上参加しているまたは個別入試相談、オンライン相談に参加したことのある者。,実用英語技能検定準２級以上の資格を有する者は出願書類の中に合格証書の写しを同封すること。（推薦条件ではないが、合否決定に際し考慮される。）,2,3.5,10,書類・面接,筆記試験はありません。 ,,,,,,,,,,
25350,,,京都,3,専門,,,3,私立,京都外国語短期大学,キョウトガイコクゴタンキ,,キャリア英語科(夜間課程),,,,英語の評定平均が3.0以上でも受験可。,"以下の検定でいずれかをクリアしている者も受験可。 　・英検CSE 1700   ・GTEC(4技能)   680      ・TEAP(4技能)  135  ・TOEFL iBT  42     ・ TEAP CBT  235   ・ケンブリッジ英検  120    ・ TOEIC Bridge L&R  60  ・ TOEIC L&R  225    ・ TOEIC L&R, S&W  625   ・IELTS 4.0 ",2,3,10,書類・面接,面接は個人。英語関係の視覚で一定お以上の点数を取っている者は、入学金免除制度あり。 希望者が出たら募集要項を請求。,,,,,,,,,,
25351,,,神奈川,1,四大,,,3,私立,グローバルBiz専門職大学,グローバルビズセンモンショク,グローバルビジネス学部,グローバルビジネス学科,,,,,,1,3.4,10,書類・面接,"D～F日程で３回試験日があり、そのうち１回を選んで受験。学費から100,000円免除あり。",,,,,,,,,,
25352,,,神奈川,1,四大,,,3,私立,ビューティー＆ウェルネス専門職大学,ビューティー＆ウェルネスセンモンショク,ビューティー＆ウェルネス学部,ビューティー＆ウェルネス学科,,,,,,1,3,10,書類・面接,３回試験日があり、そのうち１回を選んで受験。,,,,,,,,,,
25353,,,大阪,1,四大,,,3,私立,太成学院大学,タイセイガクイン,看護学部,看護学科,,,,,,4,3,10,書類・面接,インターネット出願。パスワードあり。4回試験あり。そのうち1回を選んで受験。2026年度より共学。,,,,,,,,,,
25354,,,大阪,1,四大,,,3,私立,太成学院大学,タイセイガクイン,経営学部,現代ビジネス学科,,,,,,2,3,10,書類・面接,インターネット出願。パスワードあり。4回試験あり。そのうち1回を選んで受験。,,,,,,,,,,
25355,,,大阪,1,四大,,,3,私立,太成学院大学,タイセイガクイン,人間学部,子ども発達学科、 健康スポーツ学科、 心理カウンセリング学科 ,,,,,,6,3,10,書類・面接,インターネット出願。パスワードあり。4回試験あり。そのうち1回を選んで受験。,,,,,,,,,,
25356,,,東京,1,四大,,,3,私立,東京保健医療専門職大学,トウキョウホケンイリョウセンモンショク,リハビリテーション学部,理学療法学科,,,,,,1,3.3,10,書類・面接,希望者が出たら大学に連絡。,,,,,,,,,,
25357,,,東京,1,四大,,,3,私立,東京保健医療専門職大学,トウキョウホケンイリョウセンモンショク,リハビリテーション学部,作業療法学科,,,,,,1,3.3,10,書類・面接,希望者が出たら大学に連絡。,,,,,,,,,,
25358,,,東京,1,四大,,,3,私立,東京福祉大学,トウキョウフクシ,社会福祉学部,社会福祉学科,,全専攻,,,,3,3,10,書類・面接,4学部合わせて3名。１期と2期と試験があり、どちらか選んで受験。,,,,,,,,,,
25359,,,東京,1,四大,,,3,私立,東京福祉大学,トウキョウフクシ,保育児童学部,保育児童学科,,,,,,3,3,10,書類・面接,4学部合わせて3名。１期と2期と試験があり、どちらか選んで受験。,,,,,,,,,,
25360,,,東京,1,四大,,,3,私立,東京福祉大学,トウキョウフクシ,心理学部,心理学科,,,,,,3,3,10,書類・面接,4学部合わせて3名。１期と2期と試験があり、どちらか選んで受験。,,,,,,,,,,
25361,,,東京,1,四大,,,3,私立,東京福祉大学,トウキョウフクシ,教育学部,教育学科,,,,,,3,3,10,書類・面接,4学部合わせて3名。１期と2期と試験があり、どちらか選んで受験。,,,,,,,,,,
25362,,,埼玉,1,四大,,,3,私立,女子栄養大学,ジョシエイヨウ,栄養学部,保健栄養学科,,栄養イノベーション専攻,,,,2,3.6,10,書類・面接,１期と2期と試験があり、どちらか選んで受験。,,,,,,,,,,
25363,,,埼玉,1,四大,,,3,私立,女子栄養大学,ジョシエイヨウ,栄養学部,食文化栄養学科,,,,,,2,3.3,10,書類・面接,１期と2期と試験があり、どちらか選んで受験。,,,,,,,,,,
25364,,,埼玉,1,四大,,,3,私立,女子栄養大学,ジョシエイヨウ,短期大学部,食物栄養学科,,,,,,3,3,10,書類・面接,１期と2期と試験があり、どちらか選んで受験。,,,,,,,,,,
25365,,,大阪,1,四大,,,3,私立,大阪産業大学,オオサカサンギョウ,国際学部,国際学科,,,,,,1,3.2,10,書類・面接,面接はエントリーシートに基づく。希望者が出たら大学に請求。,,,,,,,,,,
25366,,,大阪,1,四大,,,3,私立,大阪産業大学,オオサカサンギョウ,経営学部,経営学科,商学コース,,,,,1,3.2,10,書類・面接,面接はエントリーシートに基づく。希望者が出たら大学に請求。,,,,,,,,,,
25367,,,大阪,1,四大,,,3,私立,大阪産業大学,オオサカサンギョウ,経営学部,経営学科,会計スペシャリストコース,,,,,1,3.2,10,書類・面接,面接はエントリーシートに基づく。希望者が出たら大学に請求。,,,,,,,,,,
25368,,,大阪,1,四大,,,3,私立,大阪産業大学,オオサカサンギョウ,経営学部,経営学科,スポーツキャリアコース,,,,,1,3.2,10,書類・面接,面接はエントリーシートに基づく。希望者が出たら大学に請求。,,,,,,,,,,
25369,,,大阪,1,四大,,,3,私立,大阪産業大学,オオサカサンギョウ,経済学部,経済学科,経済学コース,,,,,1,3.2,10,書類・面接,面接はエントリーシートに基づく。経済学部だけ他の学部と受験日が違う。希望者が出たら大学に請求。,,,,,,,,,,
25370,,,大阪,1,四大,,,3,私立,大阪産業大学,オオサカサンギョウ,システム工学部,システム工学科,全コース,,,,,7,3.2,10,書類・面接,面接はエントリーシートに基づく。希望者が出たら大学に請求。,,,,,,,,,,
25371,,,奈良,2,短大,,,3,私立,大和大学白鳳短期大学,ヤマトダイガクハクホウタンキ,,総合人間学科,,こども教育専攻,,,,3,3.2,10,,要項は8月22日以降に請求。,,,,,,,,,,
25372,,,奈良,2,短大,,,3,私立,大和大学白鳳短期大学,ヤマトダイガクハクホウタンキ,,総合人間学科,,リハビリテーション学理学療法学専攻,,,,2,3.5,10,,要項は8月22日以降に請求。,,,,,,,,,,
25373,,,奈良,2,短大,,,3,私立,大和大学白鳳短期大学,ヤマトダイガクハクホウタンキ,,総合人間学科,,リハビリテーション学作業療法学専攻,,,,2,3.5,10,,要項は8月22日以降に請求。,,,,,,,,,,
25374,,,奈良,2,短大,,,3,私立,大和大学白鳳短期大学,ヤマトダイガクハクホウタンキ,,総合人間学科,,看護学専攻,,,,2,3.9,10,,要項は8月22日以降に請求。,,,,,,,,,,
25375,,,奈良,2,短大,,,3,私立,大和大学白鳳短期大学,ヤマトダイガクハクホウタンキ,,,教育系3年コース,,,,,1,3.2,10,,こども教育専攻2年が終了後、言語聴覚学専攻科に内部進学するコース。 要項は8月22日以降に請求。,,,,,,,,,,
25376,,,愛知,3,専門,,,3,私立,慈恵福祉保育専門学校,ジケイフクシホイク,,介護福祉学科 保育学科,,,有,,,2,3,10,,各学科２名。検定料無料。入学金１０万円免除。２回目もあり。,,,,,,,,,,
25377,,,愛知,3,専門,,,3,私立,慈恵歯科医療ファッション専門学校,ジケイシカイリョウファッション,,歯科衛生士学科,,,有,,,2,3.3,10,,検定料無料。入学金15万円免除。２回目もあり。,,,,,,,,,,
25378,,,愛知,3,専門,,,3,私立,慈恵歯科医療ファッション専門学校,ジケイシカイリョウファッション,,医療事務科,,,有,,,2,3,10,,検定料無料。入学金15万円免除。２回目もあり。,,,,,,,,,,
25379,,,神奈川,1,四大,,,3,私立,横浜薬科大学,ヨコハマヤッカ,薬学部,健康薬学科、 漢方薬学科、 臨床薬学科,,,,,,3,4,10,,６年制。初年度授業料全額免除の特別枠。一般枠と合わせて３名。募集要項はHPからダウンロード。パスワードあり。前期と後期と２回あり、どちらかで受験。,,,,,,,,,,
25380,,,神奈川,1,四大,,,3,私立,横浜薬科大学,ヨコハマヤッカ,薬学部,健康薬学科、 漢方薬学科、 臨床薬学科,,,,,,3,3.7,10,,６年制。一般枠。特別枠と合わせて３名。募集要項はHPからダウンロード。パスワードあり。前期と後期と２回あり、どちらかで受験。,,,,,,,,,,
25381,,,神奈川,1,四大,,,3,私立,横浜薬科大学,ヨコハマヤッカ,薬学部,薬科学科,,,,,,2,3.7,10,,4年制。募集要項はHPからダウンロード。パスワードあり。前期と後期と２回あり、どちらかで受験。,,,,,,,,,,
25382,,,大阪,3,専門,,,3,私立,関西経理専門学校,カンサイケイリ,,昼間部全学科,全コース,,,,,1,2.8,10,,経理実務学科は１年制。他は２年制。10月と11月の2回あり。どちらかで受験。イベント参加で受験料が半額。,,,,,,,,,,
25386,,,愛知,1,四大,,,3,私立,南山大学,ナンザン,経営学部,経営学科,,,　　無,,,,,,書類・面接,,,,,,,,,,,
25387,,,愛知,1,四大,,,3,私立,南山大学,ナンザン,経済学部,経済学科,,,　　無,,,,,,書類・面接・小論文,,,,,,,,,,,
25388,,,愛知,1,四大,,,3,私立,南山大学,ナンザン,総合政策学部,総合政策学科,,,　　無,,,,,,書類・面接,,,,,,,,,,,
25389,,,愛知,1,四大,,,3,私立,愛知大学,アイチ,経営学部,会計ファイナンス学科,,,　　無,,,,,,,,,,,,,,,,,
25390,,,愛知,1,四大,,,3,私立,愛知大学,アイチ,経済学部,経済学科,,,　　無,,,,,,,,,,,,,,,,,
25391,,,愛知,1,四大,,,3,私立,名城大学,メイジョウ,法学部,法学科,,,　　無,,,,,,,,,,,,,,,,,
25392,,,愛知,1,四大,,,3,私立,名城大学,メイジョウ,経済学部,経済学科,,,　　無,,,,,,,,,,,,,,,,,
25393,,,愛知,1,四大,,,3,私立,名城大学,メイジョウ,経営学部,国際経営学科,,,　　無,,,,,,,,,,,,,,,,,
25394,,23,愛知,3,専門,,,3,私立,名古屋デザイナーアカデミー,ナゴヤデザイナーアカデミー,,,,,　　無,,,,,,,,,,,,,,,,,
25395,,23,愛知,3,専門,,,3,私立,キクチ眼鏡専門学校,キクチメガネ,,,,,　　無,,,,,,,,,,,,,,,,,
25396,,23,愛知,3,専門,,,3,私立,愛知ペット専門学校,アイチペット,,,,,　　無,,,,,,,,,,,,,,,,,
25397,,23,愛知,1,四大,,,3,私立,愛知淑徳大学,アイチシュクトク,人間情報学部,人間情報学科,,,　　無,,,,,,,,,,,,,,,,,
25398,,23,愛知,1,四大,,,3,私立,愛知大学,アイチ,現代中国学部,現代中国学科,,,　　無,,,,,,,,,,,,,,,,,
25399,,23,愛知,3,専門,,,3,私立,専門学校名古屋ビジネス・アカデミー,ナゴヤビジネスアカデミー,,,,,　　無,,,,,,,,,,,,,,,,,
25400,,23,愛知,1,四大,,,3,私立,中京大学,チュウキョウ,経営学部,経営学科,,,　　無,,,,,,,,,,,,,,,,,
25401,,23,愛知,1,四大,,,3,私立,中京大学,チュウキョウ,経済学部,経済学科,,,　　無,,,,,,,,,,,,,,,,,
25402,,23,愛知,1,四大,,,3,私立,南山大学,ナンザン,理工学部,ソフトウェア工学科,,,　　無,,,,,,,,,,,,,,,,,
25403,,23,愛知,1,四大,,,3,私立,日本福祉大学,ニホンフクシ,健康科学部,リハビリテーション科,,作業療法学専攻,　　無,,,,,,,,,,,,,,,,,
25404,,23,愛知,3,専門,,,3,私立,福岡ECO動物海洋専門学校,フクオカイーシーオー,,,,,　　無,,,,,,,,,,,,,,,,,
25405,,23,愛知,3,専門,,,3,私立,名古屋ECO海洋動物専門学校,ナゴヤイーシーオー,,,,,　　無,,,,,,,,,,,,,,,,,
25406,,23,愛知,3,専門,,,3,私立,名古屋栄養専門学校,ナゴヤエイヨウ,,,,,　　無,,,,,,,,,,,,,,,,,
25407,,23,愛知,1,四大,,,3,私立,名古屋外国語大学,ナゴヤガイコクゴ,外国語学部,英米語学科,,,　　無,,,,,,,,,,,,,,,,,
25408,,23,愛知,1,四大,,,3,私立,名古屋造形大学,ナゴヤゾウケイ,,,,視覚領域,　　無,,,,,,,,,,,,,,,,,
25409,,23,愛知,1,四大,,,3,私立,名古屋造形大学,ナゴヤゾウケイ,,,,美術領域,　　無,,,,,,,,,,,,,,,,,
25410,,23,愛知,3,専門,,,3,私立,名古屋動物専門学校,ナゴヤドウブツ,,,,,　　無,,,,,,,,,,,,,,,,,
25411,,23,愛知,3,専門,,,3,私立,名古屋美容専門学校,ナゴヤビヨウ,,,,,　　無,,,,,,,,,,,,,,,,,
25412,,23,愛知,1,四大,,,3,私立,名城大学,メイジョウ,都市情報学部,,,,　　無,,,,,,,,,,,,,,,,,
25413,,23,愛知,1,四大,,,3,私立,愛知大学,アイチ,経営学部,経営学科,,,　　無,,,,,,,,,,,,,,,,,
